elapsed_s,gpu0_gb,gpu1_gb,gpu_total_gb,host_gb,total_gb,host_frac,host_peak_gb,host_blocks,host_flushes,host_evicted,serving_gb,park_local_gb,park_peer_gb,dropped_gb,host_evicted_gb,peer_frac_of_parked,fetch_hits,fetch_local_hits,fetch_peer_hits,fetch_host_hits,fetch_miss,fetch_already,fetch_nospace,fetched_tokens,parked_tokens,writers,stale
0.0,0.0,0.0014,0.0014,0.0,0.0014,0.0,0.0,0,0,0,0.0012,0.0014,0.0,0.0,0.0,0.0,0,0,0,0,3,0,0,0,0,2,0
1.0,0.0,0.0014,0.0014,0.0,0.0014,0.0,0.0,0,0,0,0.8779,0.0014,0.0,0.0,0.0,0.0,0,0,0,0,5,0,0,0,0,2,0
2.0,0.0,0.4394,0.4394,0.0,0.4394,0.0,0.0,0,0,0,1.4034,0.4394,0.0,0.0,0.0,0.0,0,0,0,0,19,0,0,0,0,2,0
3.0,0.0,0.4394,0.4394,0.0,0.4394,0.0,0.0,0,0,0,2.915,0.4394,0.0,0.0,0.0,0.0,0,0,0,0,19,0,0,0,0,2,0
4.0,0.0,0.4394,0.4394,0.0,0.4394,0.0,0.0,0,0,0,4.0879,0.4394,0.0,0.0,0.0,0.0,1,0,1,0,19,0,0,1,0,2,0
5.0,0.0,0.8811,0.8811,0.0,0.8811,0.0,0.0,0,0,0,4.6247,0.8811,0.0,0.0,0.0,0.0,1,0,1,0,19,0,0,1,0,2,0
6.0,0.0,3.4152,3.4152,0.0,3.4152,0.0,0.0,0,0,0,5.6985,3.4152,0.0,0.0,0.0,0.0,1,0,1,0,19,0,0,1,0,2,0
7.0,0.0,3.9322,3.9322,0.0,3.9322,0.0,0.0,0,0,0,6.7722,3.9322,0.0,0.0,0.0,0.0,1,0,1,0,19,0,0,1,0,2,0
8.0,0.0,3.9322,3.9322,0.0,3.9322,0.0,0.0,0,0,0,6.8599,3.9322,0.0,0.0,0.0,0.0,1,0,1,0,49,0,0,1,0,2,0
9.0,0.0,3.9322,3.9322,0.0,3.9322,0.0,0.0,0,0,0,7.8123,3.9322,0.0,0.0,0.0,0.0,1,0,1,0,79,0,0,1,0,2,0
10.0,0.0,3.9322,3.9322,0.0,3.9322,0.0,0.0,0,0,0,7.6473,3.9322,0.0,0.0,0.0,0.0,1,0,1,0,191,0,0,1,0,2,0
11.0,0.0,3.9322,3.9322,0.0,3.9322,0.0,0.0,0,0,0,7.136,3.9322,0.0,0.0,0.0,0.0,1,0,1,0,259,0,0,1,0,2,0
12.0,0.0,3.9322,3.9322,0.0,3.9322,0.0,0.0,0,0,0,7.3361,3.9322,0.0,0.0,0.0,0.0,1,0,1,0,289,0,0,1,0,2,0
13.0,0.0,3.9322,3.9322,0.0,3.9322,0.0,0.0,0,0,0,7.7921,3.9322,0.0,0.0,0.0,0.0,1,0,1,0,289,0,0,1,0,2,0
14.0,0.0,3.9322,3.9322,0.0,3.9322,0.0,0.0,0,0,0,7.7732,3.9322,0.0,0.0,0.0,0.0,1,0,1,0,313,6,0,1,0,2,0
15.0,0.0,3.9322,3.9322,0.0,3.9322,0.0,0.0,0,0,0,7.5773,3.9322,0.0,0.0,0.0,0.0,1,0,1,0,336,15,0,1,0,2,0
16.0,0.0,3.9322,3.9322,0.0,3.9322,0.0,0.0,0,0,0,7.2166,3.9322,0.0,0.0,0.0,0.0,1,0,1,0,336,19,0,1,0,2,0
17.0,0.0,3.9322,3.9322,0.0,3.9322,0.0,0.0,0,0,0,7.5618,3.9322,0.0,0.0,0.0,0.0,1,0,1,0,336,23,0,1,0,2,0
18.0,0.0,3.9322,3.9322,0.0,3.9322,0.0,0.0,0,0,0,7.3744,3.9322,0.0,0.0,0.0,0.0,1,0,1,0,336,26,0,1,0,2,0
19.0,0.0,3.9322,3.9322,0.0,3.9322,0.0,0.0,0,0,0,7.8194,3.9322,0.0,0.0,0.0,0.0,1,0,1,0,336,30,0,1,0,2,0
20.0,0.0,3.9322,3.9322,0.0,3.9322,0.0,0.0,0,0,0,7.7777,3.9322,0.0,0.0,0.0,0.0,1,0,1,0,336,32,0,1,0,2,0
21.0,0.0,3.9322,3.9322,0.0,3.9322,0.0,0.0,0,0,0,7.6943,3.9322,0.0,0.0,0.0,0.0,1,0,1,0,336,36,0,1,0,2,0
22.0,0.0,3.9322,3.9322,0.0,3.9322,0.0,0.0,0,0,0,7.611,3.9322,0.0,0.0,0.0,0.0,1,0,1,0,336,39,0,1,0,2,0
23.0,0.0,3.9322,3.9322,0.0,3.9322,0.0,0.0,0,0,0,7.5334,3.9322,0.0,0.0,0.0,0.0,1,0,1,0,336,43,0,1,0,2,0
24.0,0.0,3.9322,3.9322,0.0,3.9322,0.0,0.0,0,0,0,7.45,3.9322,0.0,0.0,0.0,0.0,1,0,1,0,336,47,0,1,0,2,0
25.0,0.0,3.9322,3.9322,0.0,3.9322,0.0,0.0,0,0,0,7.3665,3.9322,0.0,0.0,0.0,0.0,1,0,1,0,336,51,0,1,0,2,0
26.0,0.0,3.9322,3.9322,0.0,3.9322,0.0,0.0,0,0,0,7.3248,3.9322,0.0,0.0,0.0,0.0,1,0,1,0,336,53,0,1,0,2,0
27.0,0.0,3.9322,3.9322,0.0,3.9322,0.0,0.0,0,0,0,7.82,3.9322,0.0,0.0,0.0,0.0,1,0,1,0,336,57,0,1,0,2,0
28.0,0.0,3.9322,3.9322,0.0,3.9322,0.0,0.0,0,0,0,7.7329,3.9322,0.0,0.0,0.0,0.0,1,0,1,0,336,61,0,1,0,2,0
29.0,0.0,3.9322,3.9322,0.0,3.9322,0.0,0.0,0,0,0,7.4516,3.9322,0.0,0.0,0.0,0.0,1,0,1,0,336,65,0,1,0,2,0
30.0,0.0,3.9322,3.9322,0.0,3.9322,0.0,0.0,0,0,0,7.3681,3.9322,0.0,0.0,0.0,0.0,1,0,1,0,336,71,0,1,0,2,0
31.0,0.0,3.9322,3.9322,0.0,3.9322,0.0,0.0,0,0,0,7.332,3.9322,0.0,0.0,0.0,0.0,1,0,1,0,337,71,0,1,0,2,0
32.0,0.0,3.9322,3.9322,0.0,3.9322,0.0,0.0,0,0,0,7.8239,3.9322,0.0,0.0,0.0,0.0,1,0,1,0,339,74,0,1,0,2,0
33.0,0.0,3.9322,3.9322,0.0,3.9322,0.0,0.0,0,0,0,7.7373,3.9322,0.0,0.0,0.0,0.0,1,0,1,0,340,77,0,1,0,2,0
34.0,0.0,3.9322,3.9322,0.0,3.9322,0.0,0.0,0,0,0,7.6533,3.9322,0.0,0.0,0.0,0.0,1,0,1,0,344,78,0,1,0,2,0
35.0,0.0,3.9322,3.9322,0.0,3.9322,0.0,0.0,0,0,0,7.8163,3.9322,0.0,0.0,0.0,0.0,3,0,3,0,344,78,0,3,0,2,0
36.0,0.0,3.9322,3.9322,0.0,3.9322,0.0,0.0,0,0,0,7.8162,3.9322,0.0,0.0,0.0,0.0,4,0,4,0,346,78,1,2210,0,2,0
37.0,0.0,3.9322,3.9322,0.0,3.9322,0.0,0.0,0,0,0,7.8162,3.9322,0.0,0.0,0.0,0.0,4,0,4,0,348,78,3,2210,0,2,0
38.0,0.0,3.9322,3.9322,0.0,3.9322,0.0,0.0,0,0,0,7.8162,3.9322,0.0,0.0,0.0,0.0,4,0,4,0,349,78,4,2210,0,2,0
39.0,0.0,3.9322,3.9322,0.0,3.9322,0.0,0.0,0,0,0,7.8162,3.9322,0.0,0.0,0.0,0.0,4,0,4,0,350,78,5,2210,0,2,0
40.0,0.0,3.9322,3.9322,0.0,3.9322,0.0,0.0,0,0,0,7.8162,3.9322,0.0,0.0,0.0,0.0,4,0,4,0,352,78,5,2210,0,2,0
41.0,0.0,3.9322,3.9322,0.0,3.9322,0.0,0.0,0,0,0,7.8162,3.9322,0.0,0.0,0.0,0.0,4,0,4,0,354,78,7,2210,0,2,0
42.0,0.0,3.9322,3.9322,0.0,3.9322,0.0,0.0,0,0,0,7.8162,3.9322,0.0,0.0,0.0,0.0,4,0,4,0,356,78,7,2210,0,2,0
43.0,0.0,3.9322,3.9322,0.0,3.9322,0.0,0.0,0,0,0,7.8162,3.9322,0.0,0.0,0.0,0.0,4,0,4,0,358,78,7,2210,0,2,0
44.0,0.0,3.9322,3.9322,0.0,3.9322,0.0,0.0,0,0,0,7.8162,3.9322,0.0,0.0,0.0,0.0,4,0,4,0,362,78,7,2210,0,2,0
45.0,0.0,3.9322,3.9322,0.0,3.9322,0.0,0.0,0,0,0,7.8162,3.9322,0.0,0.0,0.0,0.0,4,0,4,0,363,78,7,2210,0,2,0
46.0,0.0,3.9322,3.9322,0.0,3.9322,0.0,0.0,0,0,0,7.8162,3.9322,0.0,0.0,0.0,0.0,4,0,4,0,366,78,7,2210,0,2,0
47.0,0.0,3.9322,3.9322,0.0,3.9322,0.0,0.0,0,0,0,7.8162,3.9322,0.0,0.0,0.0,0.0,4,0,4,0,368,78,7,2210,0,2,0
48.0,0.0,3.9322,3.9322,0.0,3.9322,0.0,0.0,0,0,0,7.8162,3.9322,0.0,0.0,0.0,0.0,4,0,4,0,369,79,7,2210,0,2,0
49.0,0.0,3.9322,3.9322,0.0,3.9322,0.0,0.0,0,0,0,7.8162,3.9322,0.0,0.0,0.0,0.0,4,0,4,0,372,79,7,2210,0,2,0
50.0,0.0,3.9322,3.9322,0.0,3.9322,0.0,0.0,0,0,0,7.8162,3.9322,0.0,0.0,0.0,0.0,4,0,4,0,373,81,7,2210,0,2,0
51.0,0.0,3.9322,3.9322,0.0,3.9322,0.0,0.0,0,0,0,7.8162,3.9322,0.0,0.0,0.0,0.0,4,0,4,0,375,82,7,2210,0,2,0
52.0,0.0,3.9322,3.9322,0.0,3.9322,0.0,0.0,0,0,0,7.8162,3.9322,0.0,0.0,0.0,0.0,4,0,4,0,376,83,8,2210,0,2,0
53.0,0.0,3.9322,3.9322,0.0,3.9322,0.0,0.0,0,0,0,7.8162,3.9322,0.0,0.0,0.0,0.0,4,0,4,0,377,83,9,2210,0,2,0
54.0,0.0,3.9322,3.9322,0.0,3.9322,0.0,0.0,0,0,0,7.8162,3.9322,0.0,0.0,0.0,0.0,4,0,4,0,377,84,10,2210,0,2,0
55.0,0.0,3.9322,3.9322,0.0,3.9322,0.0,0.0,0,0,0,7.8162,3.9322,0.0,0.0,0.0,0.0,4,0,4,0,379,84,10,2210,0,2,0
56.0,0.0,3.9322,3.9322,0.0,3.9322,0.0,0.0,0,0,0,7.8162,3.9322,0.0,0.0,0.0,0.0,4,0,4,0,382,84,10,2210,0,2,0
57.0,0.0,3.9322,3.9322,0.0,3.9322,0.0,0.0,0,0,0,7.8162,3.9322,0.0,0.0,0.0,0.0,4,0,4,0,383,85,10,2210,0,2,0
58.0,0.0,3.9322,3.9322,0.0,3.9322,0.0,0.0,0,0,0,7.8163,3.9322,0.0,0.0,0.0,0.0,4,0,4,0,384,85,11,2210,0,2,0
59.0,0.0,3.9322,3.9322,0.0,3.9322,0.0,0.0,0,0,0,7.8162,3.9322,0.0,0.0,0.0,0.0,4,0,4,0,386,85,11,2210,0,2,0
60.0,0.0,3.9322,3.9322,0.0,3.9322,0.0,0.0,0,0,0,7.8162,3.9322,0.0,0.0,0.0,0.0,4,0,4,0,386,85,12,2210,0,2,0
61.0,0.0,3.9322,3.9322,0.0,3.9322,0.0,0.0,0,0,0,7.7329,3.9322,0.0,0.0,0.0,0.0,4,0,4,0,386,85,12,2210,0,2,0
62.0,0.0,3.9322,3.9322,0.0,3.9322,0.0,0.0,0,0,0,7.6495,3.9322,0.0,0.0,0.0,0.0,4,0,4,0,386,85,12,2210,0,2,0
63.0,0.0,3.9322,3.9322,0.0,3.9322,0.0,0.0,0,0,0,7.5652,3.9322,0.0,0.0,0.0,0.0,4,0,4,0,386,85,12,2210,0,2,0
64.0,0.0,3.9322,3.9322,0.0,3.9322,0.0,0.0,0,0,0,7.4812,3.9322,0.0,0.0,0.0,0.0,4,0,4,0,386,85,12,2210,0,2,0
65.0,0.0,3.9322,3.9322,0.0,3.9322,0.0,0.0,0,0,0,7.4394,3.9322,0.0,0.0,0.0,0.0,4,0,4,0,386,85,12,2210,0,2,0
66.0,0.0,3.9322,3.9322,0.0,3.9322,0.0,0.0,0,0,0,7.3551,3.9322,0.0,0.0,0.0,0.0,4,0,4,0,386,85,12,2210,0,2,0
67.0,0.0,3.9322,3.9322,0.0,3.9322,0.0,0.0,0,0,0,7.85,3.9322,0.0,0.0,0.0,0.0,4,0,4,0,386,85,12,2210,0,2,0
68.0,0.0,3.9322,3.9322,0.0,3.9322,0.0,0.0,0,0,0,7.7659,3.9322,0.0,0.0,0.0,0.0,4,0,4,0,386,85,12,2210,0,2,0
69.0,0.0,3.9322,3.9322,0.0,3.9322,0.0,0.0,0,0,0,7.6817,3.9322,0.0,0.0,0.0,0.0,4,0,4,0,386,85,12,2210,0,2,0
70.0,0.0,3.9322,3.9322,0.0,3.9322,0.0,0.0,0,0,0,7.4863,3.9322,0.0,0.0,0.0,0.0,4,0,4,0,386,85,12,2210,0,2,0
71.0,0.0,3.9322,3.9322,0.0,3.9322,0.0,0.0,0,0,0,7.844,3.9322,0.0,0.0,0.0,0.0,4,0,4,0,386,85,12,2210,0,2,0
72.0,0.0,3.9322,3.9322,0.0,3.9322,0.0,0.0,0,0,0,7.7606,3.9322,0.0,0.0,0.0,0.0,4,0,4,0,386,85,12,2210,0,2,0
73.0,0.0,3.9322,3.9322,0.0,3.9322,0.0,0.0,0,0,0,7.6754,3.9322,0.0,0.0,0.0,0.0,4,0,4,0,386,85,12,2210,0,2,0
74.0,0.0,3.9322,3.9322,0.0,3.9322,0.0,0.0,0,0,0,7.5858,3.9322,0.0,0.0,0.0,0.0,4,0,4,0,386,85,12,2210,0,2,0
75.0,0.0,3.9322,3.9322,0.0,3.9322,0.0,0.0,0,0,0,7.4434,3.9322,0.0,0.0,0.0,0.0,4,0,4,0,386,85,12,2210,0,2,0
76.0,0.0,3.9322,3.9322,0.0,3.9322,0.0,0.0,0,0,0,7.6546,3.9322,0.0,0.0,0.0,0.0,4,0,4,0,386,85,12,2210,0,2,0
77.0,0.0,3.9322,3.9322,0.0,3.9322,0.0,0.0,0,0,0,7.5712,3.9322,0.0,0.0,0.0,0.0,4,0,4,0,386,85,12,2210,0,2,0
