t_s,P0_use,P0_used_tok,P0_running,P0_cap_tok,P0_pressure,P0_hit,P1_use,P1_used_tok,P1_running,P1_cap_tok,P1_pressure,P1_hit,D0_use,D0_used_tok,D0_running,D0_cap_tok,D0_pressure,D0_hit,D1_use,D1_used_tok,D1_running,D1_cap_tok,D1_pressure,D1_hit
# roles: P0:P P1:P D0:D D1:D
# metric: P0:cache_occupancy P1:cache_occupancy D0:unreachable D1:unreachable
0.00,0.0001,0,0,60000,0.0000,0.0000,0.0001,0,0,60000,0.0000,0.0000,,,,,,,,,,,,
0.50,0.0683,4096,0,60000,0.0683,0.0000,0.0689,4121,0,60000,0.0687,0.0000,,,,,,,,,,,,
1.00,0.1366,8192,0,60000,0.1365,0.0099,0.0689,4121,0,60000,0.0687,0.0000,,,,,,,,,,,,
1.50,0.1366,8192,0,60000,0.1365,0.0099,0.1372,8217,0,60000,0.1369,0.0099,,,,,,,,,,,,
2.00,0.1366,8192,0,60000,0.1365,0.0099,0.1372,8217,0,60000,0.1369,0.0099,,,,,,,,,,,,
2.50,0.2732,16384,0,60000,0.2731,0.0099,0.2737,16409,0,60000,0.2735,0.0099,,,,,,,,,,,,
3.00,0.3414,12017,0,60000,0.2003,0.0000,0.3420,20505,0,60000,0.3417,0.0000,,,,,,,,,,,,
3.50,0.3414,12017,0,60000,0.2003,0.0000,0.4103,16158,0,60000,0.2693,0.0099,,,,,,,,,,,,
4.00,0.3414,12017,0,60000,0.2003,0.0000,0.4103,16158,0,60000,0.2693,0.0099,,,,,,,,,,,,
4.50,0.4779,11766,0,60000,0.1961,0.0000,0.4785,11801,0,60000,0.1967,0.0000,,,,,,,,,,,,
5.00,0.5462,15862,0,60000,0.2644,0.0099,0.5468,15897,0,60000,0.2650,0.0099,,,,,,,,,,,,
# metric: P0:cache_occupancy P1:cache_occupancy D0:cache_occupancy D1:cache_occupancy
5.50,0.5462,15862,0,60000,0.2644,0.0099,0.6151,11529,0,60000,0.1921,0.0000,0.2347,42483,1,180984,0.2347,0.0000,0.3854,59471,1,154304,0.3854,0.0000
6.00,0.6145,11494,0,60000,0.1916,0.0000,0.6834,15625,0,60000,0.2604,0.0099,0.2347,42483,1,180984,0.2347,0.0000,0.3854,59471,1,154304,0.3854,0.0000
6.50,0.6145,11494,0,60000,0.1916,0.0000,0.6834,15625,0,60000,0.2604,0.0099,0.2347,42483,1,180984,0.2347,0.0000,0.3854,59471,1,154304,0.3854,0.0000
7.00,0.6828,15590,0,60000,0.2598,0.0099,0.7516,11282,0,60000,0.1880,0.0000,0.2347,42483,1,180984,0.2347,0.0000,0.3854,59471,1,154304,0.3854,0.0000
7.50,0.8920,19686,0,60000,0.3281,0.0000,0.7516,11282,0,60000,0.1880,0.0000,0.2347,42483,1,180984,0.2347,0.0000,0.3854,59471,1,154304,0.3854,0.0000
8.00,0.8142,23782,0,60000,0.3964,0.0101,0.8884,19474,0,60000,0.3246,0.0000,0.2347,42483,1,180984,0.2347,0.0000,0.3854,59471,1,154304,0.3854,0.0000
8.50,0.8824,27878,0,60000,0.4646,0.0000,0.9567,15109,0,60000,0.2518,0.0099,0.2347,42483,1,180984,0.2347,0.0000,0.3854,59471,1,154304,0.3854,0.0000
9.00,0.9507,23524,0,60000,0.3921,0.0099,0.9567,15109,0,60000,0.2518,0.0099,0.2347,42483,1,180984,0.2347,0.0000,0.3854,59471,1,154304,0.3854,0.0000
9.50,0.9507,19178,0,60000,0.3196,0.0000,0.9437,10769,0,60000,0.1795,0.0000,0.2347,42483,1,180984,0.2347,0.0000,0.3309,51066,1,154304,0.3309,0.0000
10.00,0.8780,27329,0,60000,0.4555,0.5000,0.7857,40266,0,60000,0.6711,0.9218,0.2347,42483,1,180984,0.2347,0.0000,0.3309,51066,1,154304,0.3309,0.0000
10.50,0.9463,31425,0,60000,0.5238,0.0099,0.7857,40266,0,60000,0.6711,0.9218,0.2347,42483,1,180984,0.2347,0.0000,0.3309,51066,1,154304,0.3309,0.0000
11.00,0.9463,31425,0,60000,0.5238,0.0099,0.7857,40266,0,60000,0.6711,0.9218,0.2347,42483,1,180984,0.2347,0.0000,0.2208,34072,1,154304,0.2208,0.0000
11.50,0.9366,18610,0,60000,0.3102,0.0000,0.7857,40266,0,60000,0.6711,0.9218,0.2823,51086,1,180984,0.2823,0.0000,0.2208,34072,1,154304,0.2208,0.0000
12.00,0.8377,18055,0,60000,0.3009,0.4829,0.7857,40266,0,60000,0.6711,0.9218,0.2823,51086,1,180984,0.2823,0.0000,0.2208,34072,1,154304,0.2208,0.0000
12.50,0.9013,13669,0,60000,0.2278,0.0099,0.9627,25459,0,60000,0.4243,0.9978,0.2828,51183,1,180984,0.2828,0.0000,0.2208,34072,1,154304,0.2208,0.0000
13.00,0.9696,17765,0,60000,0.2961,0.0000,0.9627,25459,0,60000,0.4243,0.9978,0.2828,51183,1,180984,0.2828,0.0000,0.2208,34072,1,154304,0.2208,0.0000
13.50,0.9696,17765,0,60000,0.2961,0.0000,0.9631,25468,0,60000,0.4245,0.9960,0.2828,51183,1,180984,0.2828,0.0000,0.2208,34072,1,154304,0.2208,0.0000
14.00,0.9696,13384,0,60000,0.2231,0.0099,0.9631,25468,0,60000,0.4245,0.9960,0.2828,51183,1,180984,0.2828,0.0000,0.2208,34072,1,154304,0.2208,0.0000
14.50,0.8556,9003,0,60000,0.1500,0.0000,0.9631,25468,0,60000,0.4245,0.9960,0.2828,51183,1,180984,0.2828,0.0000,0.2761,42601,2,154304,0.2761,0.0000
15.00,0.8556,9003,0,60000,0.1500,0.0000,0.9631,25468,0,60000,0.4245,0.9960,0.1886,34130,1,180984,0.1886,0.0000,0.2761,42601,2,154304,0.2761,0.0000
15.50,0.9472,17197,0,60000,0.2866,0.0000,0.9631,25468,0,60000,0.4245,0.9960,0.1886,34130,1,180984,0.1886,0.0000,0.2761,42601,2,154304,0.2761,0.0000
16.00,0.9472,12795,0,60000,0.2132,0.0000,0.9556,17039,0,60000,0.2840,0.9937,0.1886,34130,1,180984,0.1886,0.0000,0.2761,42601,2,154304,0.2761,0.0000
16.50,0.9472,12795,0,60000,0.2132,0.0000,0.7647,25595,0,60000,0.4266,0.9975,0.1886,34130,1,180984,0.1886,0.0000,0.2761,42601,2,154304,0.2761,0.0000
17.00,0.9325,8396,0,60000,0.1399,0.0099,0.9065,25574,0,60000,0.4262,0.9975,0.2360,42706,1,180984,0.2360,0.0000,0.2761,42601,2,154304,0.2761,0.0000
17.50,0.7740,12492,0,60000,0.2082,0.0000,0.9065,25574,0,60000,0.4262,0.9975,0.2360,42706,1,180984,0.2360,0.0000,0.2761,42601,2,154304,0.2761,0.0000
18.00,0.8423,16588,0,60000,0.2765,0.0099,0.7526,25569,0,60000,0.4261,0.9975,0.2360,42706,1,180984,0.2360,0.0000,0.2761,42601,2,154304,0.2761,0.0000
18.50,0.8423,16588,0,60000,0.2765,0.0099,0.7526,25569,0,60000,0.4261,0.9975,0.2360,42706,1,180984,0.2360,0.0000,0.2761,42601,2,154304,0.2761,0.0000
19.00,0.8510,12200,0,60000,0.2033,0.0000,0.7526,25569,0,60000,0.4261,0.9975,0.2360,42706,1,180984,0.2360,0.0000,0.2761,42601,2,154304,0.2761,0.0000
19.50,0.9193,16296,0,60000,0.2716,0.0099,0.7526,25569,0,60000,0.4261,0.9975,0.2361,42733,1,180984,0.2361,0.0000,0.3323,51281,2,154304,0.3323,0.0000
20.00,0.9875,11937,0,60000,0.1989,0.0000,0.7526,25569,0,60000,0.4261,0.9975,0.2361,42733,1,180984,0.2361,0.0000,0.3323,51281,2,154304,0.3323,0.0000
20.50,0.9875,16035,0,60000,0.2672,0.0104,0.7530,8575,0,60000,0.1429,0.9959,0.2361,42733,1,180984,0.2361,0.0000,0.3323,51281,2,154304,0.3323,0.0000
21.00,0.9021,11635,0,60000,0.1939,0.0000,0.7530,8575,0,60000,0.1429,0.9959,0.2361,42733,1,180984,0.2361,0.0000,0.3323,51281,2,154304,0.3323,0.0000
21.50,0.9704,15731,0,60000,0.2622,0.0099,0.8218,4137,0,60000,0.0689,0.0000,0.2361,42733,1,180984,0.2361,0.0000,0.3323,51281,2,154304,0.3323,0.0000
22.00,0.9704,15731,0,60000,0.2622,0.0099,0.8469,25211,0,60000,0.4202,0.9796,0.2361,42733,1,180984,0.2361,0.0000,0.3323,51281,2,154304,0.3323,0.0000
22.50,0.9682,11344,0,60000,0.1891,0.0000,0.8529,34090,0,60000,0.5682,0.9959,0.2361,42733,1,180984,0.2361,0.0000,0.2776,42829,1,154304,0.2776,0.0000
23.00,0.9682,15440,0,60000,0.2573,0.0099,0.9947,51110,0,60000,0.8518,0.9937,0.2361,42733,1,180984,0.2361,0.0000,0.2776,42829,1,154304,0.2776,0.0000
23.50,0.8917,11047,0,60000,0.1841,0.0000,0.9947,51110,0,60000,0.8518,0.9937,0.2361,42733,1,180984,0.2361,0.0000,0.2776,42829,1,154304,0.2776,0.0000
24.00,0.9600,15143,0,60000,0.2524,0.0099,0.9940,51182,0,60000,0.8530,0.9953,0.2361,42733,1,180984,0.2361,0.0000,0.2776,42829,1,154304,0.2776,0.0000
24.50,0.9600,15143,0,60000,0.2524,0.0099,0.9940,51182,0,60000,0.8530,0.9953,0.3310,59897,1,180984,0.3310,0.0000,0.2776,42829,1,154304,0.2776,0.0000
25.00,0.9535,10770,0,60000,0.1795,0.0000,0.9940,51182,0,60000,0.8530,0.9953,0.3310,59897,1,180984,0.3310,0.0000,0.2776,42829,1,154304,0.2776,0.0000
25.50,0.9440,14866,0,60000,0.2478,0.0099,0.9940,51182,0,60000,0.8530,0.9953,0.3310,59897,1,180984,0.3310,0.0000,0.2776,42829,1,154304,0.2776,0.0000
26.00,0.9440,10453,0,60000,0.1742,0.0000,0.9940,51182,0,60000,0.8530,0.9953,0.2841,51422,1,180984,0.2841,0.0000,0.2776,42829,1,154304,0.2776,0.0000
26.50,0.8083,14549,0,60000,0.2425,0.0099,0.9940,51182,0,60000,0.8530,0.9953,0.2841,51422,1,180984,0.2841,0.0000,0.2775,42821,1,154304,0.2775,0.0000
27.00,0.8766,18645,0,60000,0.3108,0.0000,0.9902,12686,0,60000,0.2114,0.0000,0.2841,51422,1,180984,0.2841,0.0000,0.2775,42821,1,154304,0.2775,0.0000
27.50,0.8766,18645,0,60000,0.3108,0.0000,0.9160,8234,0,60000,0.1372,0.0000,0.2841,51422,1,180984,0.2841,0.0000,0.2775,42821,1,154304,0.2775,0.0000
28.00,0.9448,14228,0,60000,0.2371,0.0099,0.9160,8234,0,60000,0.1372,0.0000,0.2841,51422,1,180984,0.2841,0.0000,0.2775,42821,1,154304,0.2775,0.0000
28.50,0.9235,9777,0,60000,0.1630,0.0000,0.9204,16985,0,60000,0.2831,0.9959,0.2841,51422,1,180984,0.2841,0.0000,0.2216,34198,1,154304,0.2216,0.0000
29.00,0.9918,13873,0,60000,0.2312,0.0099,0.9197,17055,0,60000,0.2843,0.9935,0.2841,51422,1,180984,0.2841,0.0000,0.2216,34198,1,154304,0.2216,0.0000
29.50,0.9918,13873,0,60000,0.2312,0.0099,0.9197,17055,0,60000,0.2843,0.9935,0.2841,51422,1,180984,0.2841,0.0000,0.2216,34198,1,154304,0.2216,0.0000
30.00,0.9918,13873,0,60000,0.2312,0.0099,0.9197,17055,0,60000,0.2843,0.9935,0.4259,77079,1,180984,0.4259,0.0000,0.2216,34198,1,154304,0.2216,0.0000
30.50,0.9920,13531,0,60000,0.2255,0.0099,0.9197,17055,0,60000,0.2843,0.9935,0.4259,77079,1,180984,0.4259,0.0000,0.2216,34198,1,154304,0.2216,0.0000
31.00,0.9670,17627,0,60000,0.2938,0.0000,0.9889,4137,0,60000,0.0689,0.0000,0.4259,77079,1,180984,0.4259,0.0000,0.2216,34198,1,154304,0.2216,0.0000
31.50,0.9670,13192,0,60000,0.2199,0.0099,0.9160,8233,0,60000,0.1372,0.0000,0.4259,77079,1,180984,0.4259,0.0000,0.2216,34198,1,154304,0.2216,0.0000
32.00,0.9557,8735,0,60000,0.1456,0.0000,0.9901,12685,0,60000,0.2114,0.0000,0.5201,94136,1,180984,0.5201,0.0000,0.2216,34198,1,154304,0.2216,0.0000
32.50,0.9557,8735,0,60000,0.1456,0.0000,0.9901,12685,0,60000,0.2114,0.0000,0.5201,94136,1,180984,0.5201,0.0000,0.2216,34198,1,154304,0.2216,0.0000
33.00,0.9557,12831,0,60000,0.2139,0.0000,0.9796,8233,0,60000,0.1372,0.0099,0.5201,94136,1,180984,0.5201,0.0000,0.2216,34198,1,154304,0.2216,0.0000
33.50,0.9441,8484,0,60000,0.1414,0.0104,0.9158,12329,0,60000,0.2055,0.0000,0.5201,94136,1,180984,0.5201,0.0000,0.2216,34198,1,154304,0.2216,0.0000
34.00,0.9441,12580,0,60000,0.2097,0.0000,0.9841,16425,0,60000,0.2737,0.0099,0.5201,94136,1,180984,0.5201,0.0000,0.2216,34198,1,154304,0.2216,0.0000
34.50,0.8447,16676,0,60000,0.2779,0.0099,0.9099,11939,0,60000,0.1990,0.0000,0.5660,102445,1,180984,0.5660,0.0000,0.2216,34198,1,154304,0.2216,0.0000
35.01,0.8447,16676,0,60000,0.2779,0.0099,0.9099,11939,0,60000,0.1990,0.0000,0.5660,102445,1,180984,0.5660,0.0000,0.2216,34198,1,154304,0.2216,0.0000
35.51,0.9130,12253,0,60000,0.2042,0.0000,0.9781,16035,0,60000,0.2672,0.0099,0.5660,102445,1,180984,0.5660,0.0000,0.2216,34198,1,154304,0.2216,0.0000
36.01,0.9812,16349,0,60000,0.2725,0.0099,0.9738,11684,0,60000,0.1947,0.0000,0.5188,93895,1,180984,0.5188,0.0000,0.2216,34198,1,154304,0.2216,0.0000
36.51,0.9214,11920,0,60000,0.1987,0.0000,0.9738,15780,0,60000,0.2630,0.0099,0.5188,93895,1,180984,0.5188,0.0000,0.2216,34198,1,154304,0.2216,0.0000
37.01,0.9896,16016,0,60000,0.2669,0.0099,0.9000,11307,0,60000,0.1885,0.0000,0.5188,93895,1,180984,0.5188,0.0000,0.2216,34198,1,154304,0.2216,0.0000
37.51,0.9024,11620,0,60000,0.1937,0.0000,0.9000,11307,0,60000,0.1885,0.0000,0.5188,93895,1,180984,0.5188,0.0000,0.2216,34198,1,154304,0.2216,0.0000
38.01,0.9024,11620,0,60000,0.1937,0.0000,0.9682,15403,0,60000,0.2567,0.0000,0.4238,76699,1,180984,0.4238,0.0000,0.2216,34198,1,154304,0.2216,0.0000
38.51,0.9707,15718,0,60000,0.2620,0.0104,0.9878,17023,0,60000,0.2837,0.9977,0.4238,76699,1,180984,0.4238,0.0000,0.1664,25676,1,154304,0.1664,0.0000
39.01,0.9066,11309,0,60000,0.1885,0.0000,0.9878,17023,0,60000,0.2837,0.9977,0.4238,76699,1,180984,0.4238,0.0000,0.1664,25676,1,154304,0.1664,0.0000
39.51,0.9749,15405,0,60000,0.2567,0.0099,0.9875,17135,0,60000,0.2856,0.9977,0.4238,76699,1,180984,0.4238,0.0000,0.1664,25676,1,154304,0.1664,0.0000
40.01,0.9124,11062,0,60000,0.1844,0.0000,0.9875,17135,0,60000,0.2856,0.9977,0.4238,76699,1,180984,0.4238,0.0000,0.1664,25676,1,154304,0.1664,0.0000
40.51,0.9124,11062,0,60000,0.1844,0.0000,0.9823,8548,0,60000,0.1425,0.9975,0.3305,59819,1,180984,0.3305,0.0000,0.1664,25676,1,154304,0.1664,0.0000
41.01,0.9806,15159,0,60000,0.2526,0.0101,0.9827,12665,0,60000,0.2111,0.0000,0.3305,59819,1,180984,0.3305,0.0000,0.1664,25676,1,154304,0.1664,0.0000
41.51,0.9593,10700,0,60000,0.1783,0.0000,0.9721,16761,0,60000,0.2793,0.0099,0.3305,59819,1,180984,0.3305,0.0000,0.1664,25676,1,154304,0.1664,0.0000
42.01,0.9593,14797,0,60000,0.2466,0.0101,0.9721,12329,0,60000,0.2055,0.0000,0.4709,85230,1,180984,0.4709,0.0000,0.1664,25676,1,154304,0.1664,0.0000
42.51,0.9483,10341,0,60000,0.1724,0.0000,0.9571,24882,0,60000,0.4147,0.6758,0.4709,85230,1,180984,0.4709,0.0000,0.1664,25676,1,154304,0.1664,0.0000
43.01,0.9378,14438,0,60000,0.2406,0.0101,0.9571,24882,0,60000,0.4147,0.6758,0.4709,85230,1,180984,0.4709,0.0000,0.1664,25676,1,154304,0.1664,0.0000
43.51,0.9378,14438,0,60000,0.2406,0.0101,0.9571,20525,0,60000,0.3421,0.0000,0.4709,85230,1,180984,0.4709,0.0000,0.1664,25676,1,154304,0.1664,0.0000
44.01,0.9378,10099,0,60000,0.1683,0.0000,0.8829,27430,0,60000,0.4572,0.4103,0.4238,76703,1,180984,0.4238,0.0000,0.1664,25676,1,154304,0.1664,0.0000
44.51,0.9208,14195,0,60000,0.2366,0.0099,0.9511,23076,0,60000,0.3846,0.0099,0.4238,76703,1,180984,0.4238,0.0000,0.1664,25676,1,154304,0.1664,0.0000
45.01,0.9890,9815,0,60000,0.1636,0.0000,0.9511,23076,0,60000,0.3846,0.0099,0.4238,76703,1,180984,0.4238,0.0000,0.1664,25676,1,154304,0.1664,0.0000
45.51,0.9679,13911,0,60000,0.2319,0.0099,0.7274,18681,0,60000,0.3114,0.0000,0.4238,76703,1,180984,0.4238,0.0000,0.1664,25676,1,154304,0.1664,0.0000
46.01,0.9578,9520,0,60000,0.1587,0.0000,0.7957,31320,0,60000,0.5220,0.7554,0.3303,59774,2,180984,0.3303,0.0000,0.1664,25676,1,154304,0.1664,0.0000
46.51,0.9578,9520,0,60000,0.1587,0.0000,0.7957,31320,0,60000,0.5220,0.7554,0.3303,59774,2,180984,0.3303,0.0000,0.2765,42671,1,154304,0.2765,0.0000
47.01,0.9578,13616,0,60000,0.2269,0.0099,0.9103,21173,0,60000,0.3529,0.0000,0.3303,59774,2,180984,0.3303,0.0000,0.2765,42671,1,154304,0.2765,0.0000
47.51,0.9225,9146,0,60000,0.1524,0.0000,0.9786,16797,0,60000,0.2799,0.0000,0.3303,59774,2,180984,0.3303,0.0000,0.2765,42671,1,154304,0.2765,0.0000
48.01,0.9907,13242,0,60000,0.2207,0.0099,0.9831,16441,0,60000,0.2740,0.9351,0.3303,59774,2,180984,0.3303,0.0000,0.2765,42671,1,154304,0.2765,0.0000
48.51,0.9576,8859,0,60000,0.1477,0.0000,0.9704,21091,0,60000,0.3515,0.0000,0.3300,59719,1,180984,0.3300,0.0000,0.2765,42671,1,154304,0.2765,0.0000
49.01,0.9576,8859,0,60000,0.1477,0.0000,0.9553,19792,0,60000,0.3299,0.4320,0.3300,59719,1,180984,0.3300,0.0000,0.3314,51129,1,154304,0.3314,0.0000
49.51,0.9233,12955,0,60000,0.2159,0.0099,0.9291,23889,0,60000,0.3982,0.0101,0.3300,59719,1,180984,0.3300,0.0000,0.3314,51129,1,154304,0.3314,0.0000
50.01,0.9916,8585,0,60000,0.1431,0.0000,0.9291,23889,0,60000,0.3982,0.0101,0.3300,59719,1,180984,0.3300,0.0000,0.3314,51129,1,154304,0.3314,0.0000
50.51,0.9544,12681,0,60000,0.2114,0.0000,0.9973,19501,0,60000,0.3250,0.0000,0.3300,59719,1,180984,0.3300,0.0000,0.3314,51129,1,154304,0.3314,0.0000
51.01,0.9456,8296,0,60000,0.1383,0.0099,0.9513,17896,0,60000,0.2983,0.4103,0.3300,59719,1,180984,0.3300,0.0000,0.3314,51129,1,154304,0.3314,0.0000
51.51,0.9456,8296,0,60000,0.1383,0.0099,0.9327,13466,0,60000,0.2244,0.0101,0.3300,59719,1,180984,0.3300,0.0000,0.1657,25566,1,154304,0.1657,0.0000
52.01,0.9456,12392,0,60000,0.2065,0.0000,0.9281,17562,0,60000,0.2927,0.0000,0.3300,59719,1,180984,0.3300,0.0000,0.1657,25566,1,154304,0.1657,0.0000
52.51,0.9360,16488,0,60000,0.2748,0.0099,0.9281,17562,0,60000,0.2927,0.0000,0.4245,76827,2,180984,0.4245,0.0000,0.1657,25566,1,154304,0.1657,0.0000
53.01,0.9360,12117,0,60000,0.2019,0.0000,0.9963,13135,0,60000,0.2189,0.0099,0.4245,76827,2,180984,0.4245,0.0000,0.1657,25566,1,154304,0.1657,0.0000
53.51,0.9248,16213,0,60000,0.2702,0.0099,0.9963,8713,0,60000,0.1452,0.0000,0.4245,76827,2,180984,0.4245,0.0000,0.1657,25566,1,154304,0.1657,0.0000
54.01,0.9248,16213,0,60000,0.2702,0.0099,0.7534,12809,0,60000,0.2135,0.0000,0.3774,68302,1,180984,0.3774,0.0000,0.1657,25566,1,154304,0.1657,0.0000
54.51,0.9876,11830,0,60000,0.1972,0.0000,0.8216,8396,0,60000,0.1399,0.0099,0.3774,68302,1,180984,0.3774,0.0000,0.1657,25566,1,154304,0.1657,0.0000
55.01,0.9876,15926,0,60000,0.2654,0.0099,0.8216,8396,0,60000,0.1399,0.0099,0.3774,68302,1,180984,0.3774,0.0000,0.1657,25566,1,154304,0.1657,0.0000
55.51,0.9783,11535,0,60000,0.1923,0.0000,0.7157,12492,0,60000,0.2082,0.0000,0.3774,68302,1,180984,0.3774,0.0000,0.1657,25566,1,154304,0.1657,0.0000
56.01,0.9783,15631,0,60000,0.2605,0.0099,0.9263,42167,0,60000,0.7028,0.9798,0.3774,68302,1,180984,0.3774,0.0000,0.1657,25566,1,154304,0.1657,0.0000
56.51,0.9689,11280,0,60000,0.1880,0.0000,0.9263,42167,0,60000,0.7028,0.9798,0.4258,77062,1,180984,0.4258,0.0000,0.1657,25566,1,154304,0.1657,0.0000
57.01,0.9689,11280,0,60000,0.1880,0.0000,0.9194,38277,0,60000,0.6380,0.0000,0.4258,77062,1,180984,0.4258,0.0000,0.1657,25566,1,154304,0.1657,0.0000
57.51,0.9689,15376,0,60000,0.2563,0.0099,0.9877,42406,0,60000,0.7068,0.9632,0.4258,77062,1,180984,0.4258,0.0000,0.1657,25566,1,154304,0.1657,0.0000
58.01,0.9595,11024,0,60000,0.1837,0.0000,0.9879,42724,0,60000,0.7121,0.9978,0.4258,77062,1,180984,0.4258,0.0000,0.1657,25566,1,154304,0.1657,0.0000
58.51,0.9595,23645,0,60000,0.3941,0.6776,0.9863,51245,0,60000,0.8541,0.9975,0.4258,77062,1,180984,0.4258,0.0000,0.1657,25566,1,154304,0.1657,0.0000
59.01,0.9501,19276,0,60000,0.3213,0.0000,0.9863,51245,0,60000,0.8541,0.9975,0.3790,68601,1,180984,0.3790,0.0000,0.1661,25636,1,154304,0.1661,0.0000
59.51,0.9501,19276,0,60000,0.3213,0.0000,0.9866,46801,0,60000,0.7800,0.0000,0.3790,68601,1,180984,0.3790,0.0000,0.1661,25636,1,154304,0.1661,0.0000
60.01,0.9334,27256,0,60000,0.4543,0.4893,0.9625,42374,0,60000,0.7062,0.0099,0.3790,68601,1,180984,0.3790,0.0000,0.1661,25636,1,154304,0.1661,0.0000
60.51,0.9248,31377,0,60000,0.5230,0.7546,0.9625,42374,0,60000,0.7062,0.0099,0.3790,68601,1,180984,0.3790,0.0000,0.1661,25636,1,154304,0.1661,0.0000
61.01,0.9713,34164,0,60000,0.5694,0.0099,0.9165,37912,0,60000,0.6319,0.0000,0.3790,68601,1,180984,0.3790,0.0000,0.1661,25636,1,154304,0.1661,0.0000
61.51,0.9682,38260,0,60000,0.6377,0.0000,0.9848,33507,0,60000,0.5585,0.0099,0.4725,85519,1,180984,0.4725,0.0000,0.1661,25636,1,154304,0.1661,0.0000
62.01,0.9584,25296,0,60000,0.4216,0.0099,0.9110,37603,0,60000,0.6267,0.0000,0.4725,85519,1,180984,0.4725,0.0000,0.1661,25636,1,154304,0.1661,0.0000
62.51,0.9584,25296,0,60000,0.4216,0.0099,0.9793,33146,0,60000,0.5524,0.0000,0.4725,85519,1,180984,0.4725,0.0000,0.1661,25636,1,154304,0.1661,0.0000
63.01,0.9584,20879,0,60000,0.3480,0.0000,0.9793,33146,0,60000,0.5524,0.0000,0.3772,68261,1,180984,0.3772,0.0000,0.1661,25636,1,154304,0.1661,0.0000
63.51,0.8423,33510,0,60000,0.5585,0.6778,0.9200,29663,0,60000,0.4944,0.0000,0.3772,68261,1,180984,0.3772,0.0000,0.1110,17121,1,154304,0.1110,0.0000
64.01,0.9105,29056,0,60000,0.4843,0.0000,0.9882,25230,0,60000,0.4205,0.0099,0.3772,68261,1,180984,0.3772,0.0000,0.1110,17121,1,154304,0.1110,0.0000
64.51,0.9788,33152,0,60000,0.5525,0.0099,0.9882,25230,0,60000,0.4205,0.0099,0.3772,68261,1,180984,0.3772,0.0000,0.1110,17121,1,154304,0.1110,0.0000
65.01,0.9788,33152,0,60000,0.5525,0.0099,0.9049,20865,0,60000,0.3478,0.0000,0.3297,59677,1,180984,0.3297,0.0000,0.1110,17121,1,154304,0.1110,0.0000
65.51,0.9416,28806,0,60000,0.4801,0.0000,0.9107,24962,0,60000,0.4160,0.0101,0.3297,59677,1,180984,0.3297,0.0000,0.1110,17121,1,154304,0.1110,0.0000
66.01,0.9273,24347,0,60000,0.4058,0.0099,0.9107,24962,0,60000,0.4160,0.0101,0.3297,59677,1,180984,0.3297,0.0000,0.1110,17121,1,154304,0.1110,0.0000
66.51,0.9956,28443,0,60000,0.4741,0.0000,0.9792,24619,0,60000,0.4103,0.0101,0.3297,59677,1,180984,0.3297,0.0000,0.1110,17121,1,154304,0.1110,0.0000
67.01,0.9681,24072,0,60000,0.4012,0.0101,0.9792,24619,0,60000,0.4103,0.0101,0.3774,68305,1,180984,0.3774,0.0000,0.1110,17121,1,154304,0.1110,0.0000
67.51,0.9681,24072,0,60000,0.4012,0.0101,0.9057,28715,0,60000,0.4786,0.0000,0.3774,68305,1,180984,0.3774,0.0000,0.2774,42810,1,154304,0.2774,0.0000
68.01,0.8939,19717,0,60000,0.3286,0.0000,0.9739,41452,0,60000,0.6909,0.8078,0.3774,68305,1,180984,0.3774,0.0000,0.2774,42810,1,154304,0.2774,0.0000
68.51,0.9621,15314,0,60000,0.2552,0.0099,0.9589,37008,0,60000,0.6168,0.0000,0.3774,68305,1,180984,0.3774,0.0000,0.2774,42810,1,154304,0.2774,0.0000
69.01,0.9580,10974,0,60000,0.1829,0.0000,0.9589,37008,0,60000,0.6168,0.0000,0.3774,68305,1,180984,0.3774,0.0000,0.2774,42810,1,154304,0.2774,0.0000
69.51,0.9580,15071,0,60000,0.2512,0.0101,0.8855,32546,0,60000,0.5424,0.0099,0.3774,68305,1,180984,0.3774,0.0000,0.2774,42810,1,154304,0.2774,0.0000
70.01,0.9489,10740,0,60000,0.1790,0.0000,0.9537,36642,0,60000,0.6107,0.0000,0.3306,59834,1,180984,0.3306,0.0000,0.2774,42810,1,154304,0.2774,0.0000
70.51,0.9489,10740,0,60000,0.1790,0.0000,0.9537,40738,0,60000,0.6790,0.0099,0.3306,59834,1,180984,0.3306,0.0000,0.2774,42810,1,154304,0.2774,0.0000
71.01,0.9345,14836,0,60000,0.2473,0.0099,0.9537,27716,0,60000,0.4619,0.0000,0.3306,59834,1,180984,0.3306,0.0000,0.2774,42810,1,154304,0.2774,0.0000
71.51,0.9345,10437,0,60000,0.1739,0.0000,0.9537,27716,0,60000,0.4619,0.0000,0.3306,59834,1,180984,0.3306,0.0000,0.2774,42810,1,154304,0.2774,0.0000
72.01,0.9345,14533,0,60000,0.2422,0.0099,0.9361,40363,0,60000,0.6727,0.6782,0.3306,59834,1,180984,0.3306,0.0000,0.3875,59790,1,154304,0.3875,0.0000
72.51,0.9345,10193,0,60000,0.1699,0.0000,0.9361,27361,0,60000,0.4560,0.0000,0.2359,42686,1,180984,0.2359,0.0000,0.3875,59790,1,154304,0.3875,0.0000
73.01,0.9345,10193,0,60000,0.1699,0.0000,0.8093,31457,0,60000,0.5243,0.0099,0.2359,42686,1,180984,0.2359,0.0000,0.3875,59790,1,154304,0.3875,0.0000
73.51,0.9210,14290,0,60000,0.2382,0.0101,0.8775,35553,0,60000,0.5926,0.0000,0.2359,42686,1,180984,0.2359,0.0000,0.3875,59790,1,154304,0.3875,0.0000
74.01,0.9893,9883,0,60000,0.1647,0.0000,0.8775,35553,0,60000,0.5926,0.0000,0.2359,42686,1,180984,0.2359,0.0000,0.3875,59790,1,154304,0.3875,0.0000
74.51,0.7976,30915,0,60000,0.5152,0.8477,0.9458,22656,0,60000,0.3776,0.0099,0.2359,42686,1,180984,0.2359,0.0000,0.3875,59790,1,154304,0.3875,0.0000
75.01,0.7976,30915,0,60000,0.5152,0.8477,0.8716,26752,0,60000,0.4459,0.0000,0.1415,25603,1,180984,0.1415,0.0000,0.4426,68288,1,154304,0.4426,0.0000
75.51,0.7976,30915,0,60000,0.5152,0.8477,0.9398,13834,0,60000,0.2306,0.0099,0.1415,25603,1,180984,0.1415,0.0000,0.4426,68288,1,154304,0.4426,0.0000
76.01,0.9916,42510,0,60000,0.7085,0.9960,0.9398,13834,0,60000,0.2306,0.0099,0.1415,25603,1,180984,0.1415,0.0000,0.4426,68288,1,154304,0.4426,0.0000
76.51,0.9916,42510,0,60000,0.7085,0.9960,0.9113,17930,0,60000,0.2988,0.0000,0.1415,25603,1,180984,0.1415,0.0000,0.4426,68288,1,154304,0.4426,0.0000
77.01,0.9916,42510,0,60000,0.7085,0.9960,0.9796,13541,0,60000,0.2257,0.0099,0.1415,25603,1,180984,0.1415,0.0000,0.2771,42751,2,154304,0.2771,0.0000
77.51,0.9514,29722,0,60000,0.4954,0.0000,0.7183,9192,0,60000,0.1532,0.0000,0.2835,51302,1,180984,0.2835,0.0000,0.2771,42751,2,154304,0.2771,0.0000
78.01,0.9414,33818,0,60000,0.5636,0.0000,0.7865,13288,0,60000,0.2215,0.0099,0.2835,51302,1,180984,0.2835,0.0000,0.2771,42751,2,154304,0.2771,0.0000
78.51,0.9414,33818,0,60000,0.5636,0.0000,0.7865,13288,0,60000,0.2215,0.0099,0.2835,51302,1,180984,0.2835,0.0000,0.2771,42751,2,154304,0.2771,0.0000
79.01,0.9414,33818,0,60000,0.5636,0.0000,0.8548,8864,0,60000,0.1477,0.0000,0.2835,51302,1,180984,0.2835,0.0000,0.2771,42751,2,154304,0.2771,0.0000
79.51,0.9414,33818,0,60000,0.5636,0.0000,0.9231,12960,0,60000,0.2160,0.0000,0.2835,51302,1,180984,0.2835,0.0000,0.2771,42751,2,154304,0.2771,0.0000
80.01,0.9467,8502,0,60000,0.1417,0.9958,0.9913,8600,0,60000,0.1433,0.0099,0.2835,51302,1,180984,0.2835,0.0000,0.2770,42742,1,154304,0.2770,0.0000
80.51,0.9473,8538,0,60000,0.1423,0.0099,0.9913,8600,0,60000,0.1433,0.0099,0.2835,51302,1,180984,0.2835,0.0000,0.2770,42742,1,154304,0.2770,0.0000
81.01,0.9473,12634,0,60000,0.2106,0.0000,0.9482,12696,0,60000,0.2116,0.0000,0.2361,42728,1,180984,0.2361,0.0000,0.2770,42742,1,154304,0.2770,0.0000
81.51,0.9380,8233,0,60000,0.1372,0.0000,0.9391,16792,0,60000,0.2799,0.0099,0.2361,42728,1,180984,0.2361,0.0000,0.2770,42742,1,154304,0.2770,0.0000
82.01,0.9618,23643,0,60000,0.3941,0.8119,0.9391,12316,0,60000,0.2053,0.0000,0.2361,42728,1,180984,0.2361,0.0000,0.2770,42742,1,154304,0.2770,0.0000
82.51,0.9948,17147,0,60000,0.2858,0.0099,0.9300,24944,0,60000,0.4157,0.6777,0.2361,42728,1,180984,0.2361,0.0000,0.3318,51197,1,154304,0.3318,0.0000
83.01,0.9200,21243,0,60000,0.3540,0.0000,0.9300,24944,0,60000,0.4157,0.6777,0.2361,42728,1,180984,0.2361,0.0000,0.3318,51197,1,154304,0.3318,0.0000
83.51,0.9883,16774,0,60000,0.2796,0.0101,0.9942,20572,0,60000,0.3429,0.0000,0.2361,42728,1,180984,0.2361,0.0000,0.3318,51197,1,154304,0.3318,0.0000
84.01,0.9883,16774,0,60000,0.2796,0.0101,0.9942,24668,0,60000,0.4111,0.0099,0.3787,68545,1,180984,0.3787,0.0000,0.3318,51197,1,154304,0.3318,0.0000
84.51,0.9829,20870,0,60000,0.3478,0.0000,0.9843,20241,0,60000,0.3373,0.0000,0.3787,68545,1,180984,0.3787,0.0000,0.3318,51197,1,154304,0.3318,0.0000
85.01,0.8373,16426,0,60000,0.2738,0.0099,0.9843,20241,0,60000,0.3373,0.0000,0.3787,68545,1,180984,0.3787,0.0000,0.3318,51197,1,154304,0.3318,0.0000
85.51,0.9055,20522,0,60000,0.3420,0.0000,0.9843,24337,0,60000,0.4056,0.0099,0.3777,68356,1,180984,0.3777,0.0000,0.3318,51197,1,154304,0.3318,0.0000
86.01,0.9738,24661,0,60000,0.4110,0.6772,0.9736,11362,0,60000,0.1894,0.0000,0.3777,68356,1,180984,0.3777,0.0000,0.3318,51197,1,154304,0.3318,0.0000
86.51,0.9738,24661,0,60000,0.4110,0.6772,0.9736,15458,0,60000,0.2576,0.0099,0.3777,68356,1,180984,0.3777,0.0000,0.3318,51197,1,154304,0.3318,0.0000
87.01,0.9738,20266,0,60000,0.3378,0.0000,0.9626,11077,0,60000,0.1846,0.0000,0.3777,68356,1,180984,0.3777,0.0000,0.3318,51197,1,154304,0.3318,0.0000
87.51,0.9738,24362,0,60000,0.4060,0.0099,0.9626,11077,0,60000,0.1846,0.0000,0.3303,59781,1,180984,0.3303,0.0000,0.3318,51197,1,154304,0.3318,0.0000
88.01,0.9411,20000,0,60000,0.3333,0.0000,0.8207,15173,0,60000,0.2529,0.0099,0.3303,59781,1,180984,0.3303,0.0000,0.3316,51166,1,154304,0.3316,0.0000
88.51,0.8252,24096,0,60000,0.4016,0.0099,0.8890,10803,0,60000,0.1800,0.0000,0.3303,59781,1,180984,0.3303,0.0000,0.3316,51166,1,154304,0.3316,0.0000
89.01,0.8252,24096,0,60000,0.4016,0.0099,0.9573,14899,0,60000,0.2483,0.0099,0.3303,59781,1,180984,0.3303,0.0000,0.3316,51166,1,154304,0.3316,0.0000
89.51,0.8935,19660,0,60000,0.3277,0.0000,0.9573,14899,0,60000,0.2483,0.0099,0.3303,59781,1,180984,0.3303,0.0000,0.3316,51166,1,154304,0.3316,0.0000
90.01,0.9485,32287,0,60000,0.5381,0.8070,0.9469,10474,0,60000,0.1746,0.0000,0.3303,59781,1,180984,0.3303,0.0000,0.2767,42701,1,154304,0.2767,0.0000
90.51,0.9485,27925,0,60000,0.4654,0.0000,0.9172,14570,0,60000,0.2428,0.0099,0.3304,59794,1,180984,0.3304,0.0000,0.2767,42701,1,154304,0.2767,0.0000
91.01,0.9298,32021,0,60000,0.5337,0.0000,0.9855,10174,0,60000,0.1696,0.0000,0.3304,59794,1,180984,0.3304,0.0000,0.2767,42701,1,154304,0.2767,0.0000
91.51,0.9298,32021,0,60000,0.5337,0.0000,0.9855,14270,0,60000,0.2378,0.0099,0.3304,59794,1,180984,0.3304,0.0000,0.2767,42701,1,154304,0.2767,0.0000
92.01,0.9649,38222,0,60000,0.6370,0.0000,0.9855,14270,0,60000,0.2378,0.0099,0.3304,59794,1,180984,0.3304,0.0000,0.2767,42701,1,154304,0.2767,0.0000
92.51,0.9002,25262,0,60000,0.4210,0.0099,0.9296,9819,0,60000,0.1636,0.0000,0.3304,59794,1,180984,0.3304,0.0000,0.2767,42701,1,154304,0.2767,0.0000
93.01,0.9002,25262,0,60000,0.4210,0.0099,0.8514,13915,0,60000,0.2319,0.0099,0.3304,59794,1,180984,0.3304,0.0000,0.2767,42701,1,154304,0.2767,0.0000
93.51,0.9685,29358,0,60000,0.4893,0.0000,0.9197,9505,0,60000,0.1584,0.0000,0.4718,85395,2,180984,0.4718,0.0000,0.2767,42701,1,154304,0.2767,0.0000
94.01,0.9450,28187,0,60000,0.4698,0.4444,0.9197,9505,0,60000,0.1584,0.0000,0.4718,85395,2,180984,0.4718,0.0000,0.2767,42701,1,154304,0.2767,0.0000
94.51,0.9354,23783,0,60000,0.3964,0.0101,0.9879,13601,0,60000,0.2267,0.0099,0.4718,85395,2,180984,0.4718,0.0000,0.2212,34126,1,154304,0.2212,0.0000
95.01,0.9354,23783,0,60000,0.3964,0.0101,0.9786,9182,0,60000,0.1530,0.0000,0.4718,85395,2,180984,0.4718,0.0000,0.2212,34126,1,154304,0.2212,0.0000
95.51,0.9354,19353,0,60000,0.3226,0.0000,0.9786,13278,0,60000,0.2213,0.0099,0.3774,68308,1,180984,0.3774,0.0000,0.2212,34126,1,154304,0.2212,0.0000
96.01,0.8163,14984,0,60000,0.2497,0.0099,0.9636,8924,0,60000,0.1487,0.0000,0.3774,68308,1,180984,0.3774,0.0000,0.2212,34126,1,154304,0.2212,0.0000
96.51,0.8845,10574,0,60000,0.1762,0.0000,0.9636,8924,0,60000,0.1487,0.0000,0.3774,68308,1,180984,0.3774,0.0000,0.2211,34110,1,154304,0.2211,0.0000
97.01,0.9528,14670,0,60000,0.2445,0.0099,0.9636,13020,0,60000,0.2170,0.0099,0.3774,68308,1,180984,0.3774,0.0000,0.2211,34110,1,154304,0.2211,0.0000
97.51,0.9476,10238,0,60000,0.1706,0.0000,0.7529,8657,0,60000,0.1443,0.0000,0.2836,51329,1,180984,0.2836,0.0000,0.2211,34110,1,154304,0.2211,0.0000
98.01,0.9476,10238,0,60000,0.1706,0.0000,0.8211,12753,0,60000,0.2125,0.0000,0.2836,51329,1,180984,0.2836,0.0000,0.2211,34110,1,154304,0.2211,0.0000
98.51,0.9131,22864,0,60000,0.3811,0.7592,0.8211,12753,0,60000,0.2125,0.0000,0.2836,51329,1,180984,0.2836,0.0000,0.2211,34110,1,154304,0.2211,0.0000
99.01,0.9584,25594,0,60000,0.4266,0.9960,0.8894,8336,0,60000,0.1389,0.0099,0.2836,51329,1,180984,0.2836,0.0000,0.2211,34110,1,154304,0.2211,0.0000
99.51,0.9589,29724,0,60000,0.4954,0.0000,0.9577,12432,0,60000,0.2072,0.0000,0.2836,51329,1,180984,0.2836,0.0000,0.2211,34110,1,154304,0.2211,0.0000
100.01,0.8074,42341,0,60000,0.7057,0.9647,0.9052,19098,0,60000,0.3183,0.3893,0.2836,51329,1,180984,0.2836,0.0000,0.2211,34110,1,154304,0.2211,0.0000
100.51,0.8074,42341,0,60000,0.7057,0.9647,0.9052,19098,0,60000,0.3183,0.3893,0.2836,51329,1,180984,0.2836,0.0000,0.2775,42820,1,154304,0.2775,0.0000
101.01,0.8074,42341,0,60000,0.7057,0.9647,0.9735,14702,0,60000,0.2450,0.0099,0.2836,51329,1,180984,0.2836,0.0000,0.2775,42820,1,154304,0.2775,0.0000
101.51,0.8074,42341,0,60000,0.7057,0.9647,0.9609,18798,0,60000,0.3133,0.0000,0.3786,68520,2,180984,0.3786,0.0000,0.2775,42820,1,154304,0.2775,0.0000
102.01,0.8074,42341,0,60000,0.7057,0.9647,0.8098,22964,0,60000,0.3827,0.6775,0.3786,68520,2,180984,0.3786,0.0000,0.2775,42820,1,154304,0.2775,0.0000
102.51,0.8074,42341,0,60000,0.7057,0.9647,0.8781,18504,0,60000,0.3084,0.0000,0.3786,68520,2,180984,0.3786,0.0000,0.2775,42820,1,154304,0.2775,0.0000
103.01,0.8809,12679,0,60000,0.2113,0.0000,0.8781,18504,0,60000,0.3084,0.0000,0.2836,51330,1,180984,0.2836,0.0000,0.2775,42820,1,154304,0.2775,0.0000
103.51,0.9491,8233,0,60000,0.1372,0.0000,0.9464,22600,0,60000,0.3767,0.0099,0.2836,51330,1,180984,0.2836,0.0000,0.2775,42820,1,154304,0.2775,0.0000
104.01,0.9491,8233,0,60000,0.1372,0.0000,0.8054,26696,0,60000,0.4449,0.0000,0.2836,51330,1,180984,0.2836,0.0000,0.2775,42820,1,154304,0.2775,0.0000
104.52,0.9491,8233,0,60000,0.1372,0.0000,0.8737,22300,0,60000,0.3717,0.0099,0.2836,51330,1,180984,0.2836,0.0000,0.2775,42820,1,154304,0.2775,0.0000
105.02,0.9535,8540,0,60000,0.1423,0.9958,0.8737,22300,0,60000,0.3717,0.0099,0.2836,51330,1,180984,0.2836,0.0000,0.2777,42851,1,154304,0.2777,0.0000
105.52,0.9541,17060,0,60000,0.2843,0.9958,0.9419,17855,0,60000,0.2976,0.0000,0.2836,51330,1,180984,0.2836,0.0000,0.2777,42851,1,154304,0.2777,0.0000
106.02,0.9541,17060,0,60000,0.2843,0.9958,0.9419,21951,0,60000,0.3659,0.0099,0.2836,51330,1,180984,0.2836,0.0000,0.2777,42851,1,154304,0.2777,0.0000
106.52,0.9541,17060,0,60000,0.2843,0.9958,0.9034,8973,0,60000,0.1495,0.0000,0.3781,68427,1,180984,0.3781,0.0000,0.2777,42851,1,154304,0.2777,0.0000
107.02,0.9541,17060,0,60000,0.2843,0.9958,0.9034,8973,0,60000,0.1495,0.0000,0.3781,68427,1,180984,0.3781,0.0000,0.2777,42851,1,154304,0.2777,0.0000
107.52,0.9541,17060,0,60000,0.2843,0.9958,0.9717,13069,0,60000,0.2178,0.0099,0.3781,68427,1,180984,0.3781,0.0000,0.2777,42851,1,154304,0.2777,0.0000
108.02,0.9547,4137,0,60000,0.0689,0.0000,0.8545,8672,0,60000,0.1445,0.0000,0.3781,68427,1,180984,0.3781,0.0000,0.2218,34229,1,154304,0.2218,0.0000
108.52,0.9446,8233,0,60000,0.1372,0.0000,0.9228,12768,0,60000,0.2128,0.0000,0.3781,68427,1,180984,0.3781,0.0000,0.2218,34229,1,154304,0.2218,0.0000
109.02,0.9446,8233,0,60000,0.1372,0.0000,0.9911,8301,0,60000,0.1384,0.0101,0.3781,68427,1,180984,0.3781,0.0000,0.2218,34229,1,154304,0.2218,0.0000
109.52,0.7792,21235,0,60000,0.3539,0.0000,0.9911,8301,0,60000,0.1384,0.0101,0.3781,68427,1,180984,0.3781,0.0000,0.2218,34229,1,154304,0.2218,0.0000
110.02,0.9900,25354,0,60000,0.4226,0.9694,0.8021,12397,0,60000,0.2066,0.0000,0.3781,68427,1,180984,0.3781,0.0000,0.2218,34229,1,154304,0.2218,0.0000
110.52,0.8480,25590,0,60000,0.4265,0.9977,0.8704,16493,0,60000,0.2749,0.0099,0.4729,85593,1,180984,0.4729,0.0000,0.2218,34229,1,154304,0.2218,0.0000
111.02,0.9166,29706,0,60000,0.4951,0.0000,0.9387,12139,0,60000,0.2023,0.0000,0.4729,85593,1,180984,0.4729,0.0000,0.2218,34229,1,154304,0.2218,0.0000
111.52,0.9849,25359,0,60000,0.4227,0.0000,0.9387,12139,0,60000,0.2023,0.0000,0.4729,85593,1,180984,0.4729,0.0000,0.2218,34229,1,154304,0.2218,0.0000
112.02,0.9849,25359,0,60000,0.4227,0.0000,0.9246,16235,0,60000,0.2706,0.0099,0.4729,85593,1,180984,0.4729,0.0000,0.2218,34229,1,154304,0.2218,0.0000
112.52,0.9894,29725,0,60000,0.4954,0.0000,0.9928,11783,0,60000,0.1964,0.0000,0.4729,85593,1,180984,0.4729,0.0000,0.2218,34229,1,154304,0.2218,0.0000
113.02,0.9894,25250,0,60000,0.4208,0.0000,0.9877,15879,0,60000,0.2646,0.0099,0.4259,77073,1,180984,0.4259,0.0000,0.2218,34229,1,154304,0.2218,0.0000
113.52,0.9894,25250,0,60000,0.4208,0.0000,0.9765,11488,0,60000,0.1915,0.0000,0.4259,77073,1,180984,0.4259,0.0000,0.2218,34229,1,154304,0.2218,0.0000
114.02,0.9880,12586,0,60000,0.2098,0.0000,0.9765,11488,0,60000,0.1915,0.0000,0.4259,77073,1,180984,0.4259,0.0000,0.2774,42805,1,154304,0.2774,0.0000
114.52,0.9880,12586,0,60000,0.2098,0.0000,0.9765,15584,0,60000,0.2597,0.0099,0.2836,51328,1,180984,0.2836,0.0000,0.2774,42805,1,154304,0.2774,0.0000
115.02,0.9880,16682,0,60000,0.2780,0.0099,0.9187,11152,0,60000,0.1859,0.0000,0.2836,51328,1,180984,0.2836,0.0000,0.2774,42805,1,154304,0.2774,0.0000
115.52,0.9766,12329,0,60000,0.2055,0.0000,0.9870,15248,0,60000,0.2541,0.0099,0.2836,51328,1,180984,0.2836,0.0000,0.2774,42805,1,154304,0.2774,0.0000
116.02,0.9093,16425,0,60000,0.2737,0.0000,0.9870,15248,0,60000,0.2541,0.0099,0.2836,51328,1,180984,0.2836,0.0000,0.2774,42805,1,154304,0.2774,0.0000
116.52,0.9187,8504,0,60000,0.1417,0.0099,0.9600,10771,0,60000,0.1795,0.0000,0.2836,51328,1,180984,0.2836,0.0000,0.2774,42805,1,154304,0.2774,0.0000
117.02,0.9870,12600,0,60000,0.2100,0.0000,0.9600,14867,0,60000,0.2478,0.0099,0.2836,51328,1,180984,0.2836,0.0000,0.2774,42805,1,154304,0.2774,0.0000
117.52,0.9870,8233,0,60000,0.1372,0.0099,0.9498,10478,0,60000,0.1746,0.0000,0.3774,68301,2,180984,0.3774,0.0000,0.2774,42805,1,154304,0.2774,0.0000
118.02,0.9124,12329,0,60000,0.2055,0.0000,0.8108,14575,0,60000,0.2429,0.0101,0.3774,68301,2,180984,0.3774,0.0000,0.2774,42805,1,154304,0.2774,0.0000
118.52,0.9124,12329,0,60000,0.2055,0.0000,0.8108,14575,0,60000,0.2429,0.0101,0.3774,68301,2,180984,0.3774,0.0000,0.2774,42805,1,154304,0.2774,0.0000
119.02,0.9762,33430,0,60000,0.5572,0.9646,0.8790,10202,0,60000,0.1700,0.0000,0.2365,42794,1,180984,0.2365,0.0000,0.2774,42805,1,154304,0.2774,0.0000
119.52,0.9866,34108,0,60000,0.5685,0.9958,0.9473,14298,0,60000,0.2383,0.0099,0.2365,42794,1,180984,0.2365,0.0000,0.2774,42805,1,154304,0.2774,0.0000
120.02,0.9866,34108,0,60000,0.5685,0.9958,0.9333,9817,0,60000,0.1636,0.0000,0.2365,42794,1,180984,0.2365,0.0000,0.2774,42805,1,154304,0.2774,0.0000
120.52,0.9872,29717,0,60000,0.4953,0.0000,0.9333,9817,0,60000,0.1636,0.0000,0.2365,42794,1,180984,0.2365,0.0000,0.2774,42805,1,154304,0.2774,0.0000
121.02,0.9872,33813,0,60000,0.5635,0.0099,0.9228,13913,0,60000,0.2319,0.0099,0.2365,42794,1,180984,0.2365,0.0000,0.4434,68412,1,154304,0.4434,0.0000
121.52,0.9778,29413,0,60000,0.4902,0.0000,0.9910,9521,0,60000,0.1587,0.0000,0.2365,42794,1,180984,0.2365,0.0000,0.4434,68412,1,154304,0.4434,0.0000
122.02,0.9104,16425,0,60000,0.2737,0.0000,0.9910,13617,0,60000,0.2270,0.0099,0.2360,42721,1,180984,0.2360,0.0000,0.4434,68412,1,154304,0.4434,0.0000
122.52,0.9104,16425,0,60000,0.2737,0.0000,0.9910,13617,0,60000,0.2270,0.0099,0.2360,42721,1,180984,0.2360,0.0000,0.4434,68412,1,154304,0.4434,0.0000
123.02,0.9880,16754,0,60000,0.2792,0.0000,0.9791,9140,0,60000,0.1523,0.0000,0.2360,42721,1,180984,0.2360,0.0000,0.3874,59785,1,154304,0.3874,0.0000
123.52,0.9880,16754,0,60000,0.2792,0.0000,0.9791,13237,0,60000,0.2206,0.0101,0.2360,42721,1,180984,0.2360,0.0000,0.3874,59785,1,154304,0.3874,0.0000
124.02,0.7086,17047,0,60000,0.2841,0.9977,0.9679,8804,0,60000,0.1467,0.0000,0.2360,42721,1,180984,0.2360,0.0000,0.3874,59785,1,154304,0.3874,0.0000
124.52,0.7086,17047,0,60000,0.2841,0.9977,0.9679,12900,0,60000,0.2150,0.0000,0.2360,42721,1,180984,0.2360,0.0000,0.3874,59785,1,154304,0.3874,0.0000
125.02,0.7086,17047,0,60000,0.2841,0.9977,0.9679,12900,0,60000,0.2150,0.0000,0.2360,42721,1,180984,0.2360,0.0000,0.3875,59790,1,154304,0.3875,0.0000
125.52,0.7089,8562,0,60000,0.1427,0.9959,0.9584,8448,0,60000,0.1408,0.0099,0.1413,25580,1,180984,0.1413,0.0000,0.3875,59790,1,154304,0.3875,0.0000
126.02,0.7089,8562,0,60000,0.1427,0.9959,0.9584,12544,0,60000,0.2091,0.0000,0.1413,25580,1,180984,0.1413,0.0000,0.3875,59790,1,154304,0.3875,0.0000
126.52,0.7778,4137,0,60000,0.0689,0.0000,0.9584,12544,0,60000,0.2091,0.0000,0.1413,25580,1,180984,0.1413,0.0000,0.3875,59790,1,154304,0.3875,0.0000
127.02,0.8460,8233,0,60000,0.1372,0.0000,0.9402,16640,0,60000,0.2773,0.0099,0.1413,25580,1,180984,0.1413,0.0000,0.4420,68199,1,154304,0.4420,0.0000
127.52,0.8460,8233,0,60000,0.1372,0.0000,0.9346,12273,0,60000,0.2046,0.0000,0.1413,25580,1,180984,0.1413,0.0000,0.4420,68199,1,154304,0.4420,0.0000
128.02,0.9184,12578,0,60000,0.2096,0.0000,0.9226,16369,0,60000,0.2728,0.0099,0.1413,25580,1,180984,0.1413,0.0000,0.4420,68199,1,154304,0.4420,0.0000
128.52,0.9867,8233,0,60000,0.1372,0.0000,0.9909,11988,0,60000,0.1998,0.0000,0.1413,25580,1,180984,0.1413,0.0000,0.4420,68199,1,154304,0.4420,0.0000
129.02,0.9929,17073,0,60000,0.2846,0.9958,0.9909,11988,0,60000,0.1998,0.0000,0.1413,25580,1,180984,0.1413,0.0000,0.4420,68199,1,154304,0.4420,0.0000
129.52,0.9896,12641,0,60000,0.2107,0.0000,0.9909,16084,0,60000,0.2681,0.0099,0.1413,25580,1,180984,0.1413,0.0000,0.4420,68199,1,154304,0.4420,0.0000
130.02,0.9896,12641,0,60000,0.2107,0.0000,0.9794,11697,0,60000,0.1950,0.0000,0.1413,25580,1,180984,0.1413,0.0000,0.4420,68199,1,154304,0.4420,0.0000
130.52,0.9896,16737,0,60000,0.2789,0.0000,0.9794,15793,0,60000,0.2632,0.0099,0.2832,51259,1,180984,0.2832,0.0000,0.4420,68199,1,154304,0.4420,0.0000
131.02,0.9850,12616,0,60000,0.2103,0.0000,0.8975,11392,0,60000,0.1899,0.0000,0.2832,51259,1,180984,0.2832,0.0000,0.4420,68199,1,154304,0.4420,0.0000
131.52,0.9788,8233,0,60000,0.1372,0.0000,0.8975,11392,0,60000,0.1899,0.0000,0.2359,42702,1,180984,0.2359,0.0000,0.4420,68199,1,154304,0.4420,0.0000
132.02,0.9788,8233,0,60000,0.1372,0.0000,0.9657,15488,0,60000,0.2581,0.0099,0.2359,42702,1,180984,0.2359,0.0000,0.4420,68199,1,154304,0.4420,0.0000
132.52,0.9788,8233,0,60000,0.1372,0.0000,0.9648,11081,0,60000,0.1847,0.0000,0.2359,42702,1,180984,0.2359,0.0000,0.4420,68199,1,154304,0.4420,0.0000
133.02,0.9788,8233,0,60000,0.1372,0.0000,0.9648,15178,0,60000,0.2530,0.0101,0.2359,42702,1,180984,0.2359,0.0000,0.4420,68199,1,154304,0.4420,0.0000
133.52,0.9788,8233,0,60000,0.1372,0.0000,0.9648,15178,0,60000,0.2530,0.0101,0.2359,42702,1,180984,0.2359,0.0000,0.4420,68199,1,154304,0.4420,0.0000
134.02,0.9788,8233,0,60000,0.1372,0.0000,0.8872,10819,0,60000,0.1803,0.0000,0.2359,42702,1,180984,0.2359,0.0000,0.4420,68199,1,154304,0.4420,0.0000
134.52,0.9839,4137,0,60000,0.0689,0.0000,0.9555,14915,0,60000,0.2486,0.0099,0.2359,42702,1,180984,0.2359,0.0000,0.4430,68361,1,154304,0.4430,0.0000
135.02,0.9818,8233,0,60000,0.1372,0.0000,0.9498,10545,0,60000,0.1757,0.0000,0.2359,42702,1,180984,0.2359,0.0000,0.4430,68361,1,154304,0.4430,0.0000
135.52,0.9875,12670,0,60000,0.2112,0.0000,0.9402,14641,0,60000,0.2440,0.0099,0.2359,42702,1,180984,0.2359,0.0000,0.4430,68361,1,154304,0.4430,0.0000
136.02,0.9875,8233,0,60000,0.1372,0.0000,0.9402,14641,0,60000,0.2440,0.0099,0.2359,42702,1,180984,0.2359,0.0000,0.4430,68361,1,154304,0.4430,0.0000
136.52,0.9875,8233,0,60000,0.1372,0.0000,0.9402,10213,0,60000,0.1702,0.0000,0.2359,42702,1,180984,0.2359,0.0000,0.4430,68361,1,154304,0.4430,0.0000
137.02,0.9875,8233,0,60000,0.1372,0.0000,0.9246,14310,0,60000,0.2385,0.0101,0.2359,42702,1,180984,0.2359,0.0000,0.4430,68361,1,154304,0.4430,0.0000
137.52,0.9875,8233,0,60000,0.1372,0.0000,0.9929,9874,0,60000,0.1646,0.0000,0.2359,42702,1,180984,0.2359,0.0000,0.3323,51275,1,154304,0.3323,0.0000
138.02,0.9875,8233,0,60000,0.1372,0.0000,0.9929,9874,0,60000,0.1646,0.0000,0.2359,42702,1,180984,0.2359,0.0000,0.3323,51275,1,154304,0.3323,0.0000
138.52,0.9875,8233,0,60000,0.1372,0.0000,0.9826,13970,0,60000,0.2328,0.0099,0.2359,42702,1,180984,0.2359,0.0000,0.3323,51275,1,154304,0.3323,0.0000
139.02,0.9875,8233,0,60000,0.1372,0.0000,0.9826,9608,0,60000,0.1601,0.0000,0.2359,42702,1,180984,0.2359,0.0000,0.3323,51275,1,154304,0.3323,0.0000
139.52,0.9875,8233,0,60000,0.1372,0.0000,0.9730,13705,0,60000,0.2284,0.0101,0.2359,42702,1,180984,0.2359,0.0000,0.3323,51275,1,154304,0.3323,0.0000
140.02,0.9875,8233,0,60000,0.1372,0.0000,0.9730,13705,0,60000,0.2284,0.0101,0.4255,77012,1,180984,0.4255,0.0000,0.3323,51275,1,154304,0.3323,0.0000
140.52,0.8467,8595,0,60000,0.1432,0.9977,0.9730,9330,0,60000,0.1555,0.0000,0.4255,77012,1,180984,0.4255,0.0000,0.3323,51275,1,154304,0.3323,0.0000
141.02,0.9895,17162,0,60000,0.2860,0.9977,0.9641,13426,0,60000,0.2238,0.0099,0.4255,77012,1,180984,0.4255,0.0000,0.3323,51275,1,154304,0.3323,0.0000
141.52,0.9895,17162,0,60000,0.2860,0.9977,0.9641,9062,0,60000,0.1510,0.0000,0.4255,77012,1,180984,0.4255,0.0000,0.2223,34309,1,154304,0.2223,0.0000
142.02,0.9895,17162,0,60000,0.2860,0.9977,0.9641,9062,0,60000,0.1510,0.0000,0.4255,77012,1,180984,0.4255,0.0000,0.2223,34309,1,154304,0.2223,0.0000
142.52,0.9895,17162,0,60000,0.2860,0.9977,0.7849,13158,0,60000,0.2193,0.0099,0.4255,77012,1,180984,0.4255,0.0000,0.2223,34309,1,154304,0.2223,0.0000
143.02,0.9898,4137,0,60000,0.0689,0.0000,0.8532,8698,0,60000,0.1450,0.0000,0.4255,77012,1,180984,0.4255,0.0000,0.2223,34309,1,154304,0.2223,0.0000
143.52,0.9898,8233,0,60000,0.1372,0.0099,0.9214,12794,0,60000,0.2132,0.0000,0.4255,77012,1,180984,0.4255,0.0000,0.2223,34309,1,154304,0.2223,0.0000
144.02,0.9898,8233,0,60000,0.1372,0.0099,0.9897,8431,0,60000,0.1405,0.0101,0.4721,85439,1,180984,0.4721,0.0000,0.2223,34309,1,154304,0.2223,0.0000
144.52,0.9846,12329,0,60000,0.2055,0.0000,0.9897,8431,0,60000,0.1405,0.0101,0.4721,85439,1,180984,0.4721,0.0000,0.2223,34309,1,154304,0.2223,0.0000
145.02,0.9846,16426,0,60000,0.2738,0.0101,0.9488,12527,0,60000,0.2088,0.0000,0.4721,85439,1,180984,0.4721,0.0000,0.2223,34309,1,154304,0.2223,0.0000
145.52,0.9798,12058,0,60000,0.2010,0.0000,0.9340,16623,0,60000,0.2771,0.0099,0.4721,85439,1,180984,0.4721,0.0000,0.2223,34309,1,154304,0.2223,0.0000
146.02,0.9798,16154,0,60000,0.2692,0.0000,0.9340,12206,0,60000,0.2034,0.0000,0.4253,76978,1,180984,0.4253,0.0000,0.2223,34309,1,154304,0.2223,0.0000
146.52,0.9798,16154,0,60000,0.2692,0.0000,0.9340,12206,0,60000,0.2034,0.0000,0.4253,76978,1,180984,0.4253,0.0000,0.2223,34309,1,154304,0.2223,0.0000
147.02,0.9798,16154,0,60000,0.2692,0.0000,0.9249,16302,0,60000,0.2717,0.0099,0.4253,76978,1,180984,0.4253,0.0000,0.2223,34309,1,154304,0.2223,0.0000
147.52,0.9886,8516,0,60000,0.1419,0.9975,0.9932,11879,0,60000,0.1980,0.0000,0.4253,76978,1,180984,0.4253,0.0000,0.2223,34309,1,154304,0.2223,0.0000
148.02,0.9886,8516,0,60000,0.1419,0.9975,0.9932,15976,0,60000,0.2663,0.0101,0.3308,59872,1,180984,0.3308,0.0000,0.2223,34309,1,154304,0.2223,0.0000
148.52,0.9886,8516,0,60000,0.1419,0.9975,0.9476,11533,0,60000,0.1922,0.0000,0.3308,59872,1,180984,0.3308,0.0000,0.2214,34167,1,154304,0.2214,0.0000
149.02,0.9889,4137,0,60000,0.0689,0.0000,0.9476,11533,0,60000,0.1922,0.0000,0.3308,59872,1,180984,0.3308,0.0000,0.2214,34167,1,154304,0.2214,0.0000
149.52,0.9144,8233,0,60000,0.1372,0.0000,0.9280,15629,0,60000,0.2605,0.0099,0.3308,59872,1,180984,0.3308,0.0000,0.2214,34167,1,154304,0.2214,0.0000
150.02,0.9187,16998,0,60000,0.2833,0.9963,0.9963,11212,0,60000,0.1869,0.0000,0.3308,59872,1,180984,0.3308,0.0000,0.2214,34167,1,154304,0.2214,0.0000
150.52,0.8509,25642,0,60000,0.4274,0.9977,0.9963,15308,0,60000,0.2551,0.0099,0.3308,59872,1,180984,0.3308,0.0000,0.2214,34167,1,154304,0.2214,0.0000
151.02,0.8509,25642,0,60000,0.4274,0.9977,0.9963,15308,0,60000,0.2551,0.0099,0.3783,68460,1,180984,0.3783,0.0000,0.2214,34167,1,154304,0.2214,0.0000
151.52,0.8509,25642,0,60000,0.4274,0.9977,0.9857,10871,0,60000,0.1812,0.0000,0.3783,68460,1,180984,0.3783,0.0000,0.2214,34167,1,154304,0.2214,0.0000
152.02,0.8509,25642,0,60000,0.4274,0.9977,0.9857,14967,0,60000,0.2495,0.0099,0.3783,68460,1,180984,0.3783,0.0000,0.2215,34186,1,154304,0.2215,0.0000
152.52,0.9195,12669,0,60000,0.2112,0.0000,0.9759,10574,0,60000,0.1762,0.0000,0.3783,68460,1,180984,0.3783,0.0000,0.2215,34186,1,154304,0.2215,0.0000
153.02,0.9878,8234,0,60000,0.1372,0.0000,0.9759,10574,0,60000,0.1762,0.0000,0.3783,68460,1,180984,0.3783,0.0000,0.2215,34186,1,154304,0.2215,0.0000
153.52,0.9877,12595,0,60000,0.2099,0.0000,0.9759,14670,0,60000,0.2445,0.0099,0.2837,51352,1,180984,0.2837,0.0000,0.2215,34186,1,154304,0.2215,0.0000
154.02,0.9877,8233,0,60000,0.1372,0.0099,0.9651,10266,0,60000,0.1711,0.0000,0.2837,51352,1,180984,0.2837,0.0000,0.2215,34186,1,154304,0.2215,0.0000
154.52,0.9877,8233,0,60000,0.1372,0.0099,0.9489,14362,0,60000,0.2394,0.0099,0.2837,51352,1,180984,0.2837,0.0000,0.2215,34186,1,154304,0.2215,0.0000
155.02,0.9830,12329,0,60000,0.2055,0.0000,0.9356,9905,0,60000,0.1651,0.0000,0.2837,51352,1,180984,0.2837,0.0000,0.2215,34186,1,154304,0.2215,0.0000
155.52,0.9087,20521,0,60000,0.3420,0.5025,0.9356,9905,0,60000,0.1651,0.0000,0.2837,51352,1,180984,0.2837,0.0000,0.3874,59781,1,154304,0.3874,0.0000
156.02,0.8352,16187,0,60000,0.2698,0.0099,0.9195,14001,0,60000,0.2334,0.0099,0.2837,51352,1,180984,0.2837,0.0000,0.3874,59781,1,154304,0.3874,0.0000
156.52,0.9034,20283,0,60000,0.3381,0.0000,0.9878,9538,0,60000,0.1590,0.0000,0.2837,51352,1,180984,0.2837,0.0000,0.3874,59781,1,154304,0.3874,0.0000
157.02,0.9034,20283,0,60000,0.3381,0.0000,0.9878,13634,0,60000,0.2272,0.0099,0.2837,51352,1,180984,0.2837,0.0000,0.3874,59781,1,154304,0.3874,0.0000
157.52,0.9717,24334,0,60000,0.4056,0.6771,0.9878,13634,0,60000,0.2272,0.0099,0.2837,51352,1,180984,0.2837,0.0000,0.3874,59781,1,154304,0.3874,0.0000
158.02,0.9563,19944,0,60000,0.3324,0.0000,0.9717,9238,0,60000,0.1540,0.0000,0.2833,51279,1,180984,0.2833,0.0000,0.3876,59808,1,154304,0.3876,0.0000
158.52,0.8934,24040,0,60000,0.4007,0.0000,0.9717,13334,0,60000,0.2222,0.0099,0.2833,51279,1,180984,0.2833,0.0000,0.3876,59808,1,154304,0.3876,0.0000
159.02,0.8934,24040,0,60000,0.4007,0.0000,0.8567,8980,0,60000,0.1497,0.0000,0.2833,51279,1,180984,0.2833,0.0000,0.3876,59808,1,154304,0.3876,0.0000
159.52,0.8934,24040,0,60000,0.4007,0.0000,0.8567,8980,0,60000,0.1497,0.0000,0.2833,51279,1,180984,0.2833,0.0000,0.3876,59808,1,154304,0.3876,0.0000
160.02,0.8934,24040,0,60000,0.4007,0.0000,0.9249,13076,0,60000,0.2179,0.0099,0.2833,51279,1,180984,0.2833,0.0000,0.3876,59808,1,154304,0.3876,0.0000
160.52,0.8934,24040,0,60000,0.4007,0.0000,0.9932,8721,0,60000,0.1454,0.0000,0.1893,34269,1,180984,0.1893,0.0000,0.3876,59808,1,154304,0.3876,0.0000
161.02,0.9852,4137,0,60000,0.0689,0.0000,0.9417,12817,0,60000,0.2136,0.0000,0.1893,34269,1,180984,0.1893,0.0000,0.3876,59808,1,154304,0.3876,0.0000
161.52,0.9852,8233,0,60000,0.1372,0.0000,0.9325,8416,0,60000,0.1403,0.0101,0.1893,34269,1,180984,0.1893,0.0000,0.3876,59808,1,154304,0.3876,0.0000
162.02,0.9852,8233,0,60000,0.1372,0.0000,0.9325,8416,0,60000,0.1403,0.0101,0.1893,34269,1,180984,0.1893,0.0000,0.3876,59808,1,154304,0.3876,0.0000
162.52,0.9852,8233,0,60000,0.1372,0.0000,0.9325,12512,0,60000,0.2085,0.0000,0.1893,34269,1,180984,0.1893,0.0000,0.3876,59808,1,154304,0.3876,0.0000
163.02,0.9852,8233,0,60000,0.1372,0.0000,0.8432,16608,0,60000,0.2768,0.0099,0.1893,34269,1,180984,0.1893,0.0000,0.3876,59808,1,154304,0.3876,0.0000
163.52,0.9852,8233,0,60000,0.1372,0.0000,0.8432,16608,0,60000,0.2768,0.0099,0.1893,34269,1,180984,0.1893,0.0000,0.4995,77070,1,154304,0.4995,0.0000
164.02,0.9852,8233,0,60000,0.1372,0.0000,0.7718,12156,0,60000,0.2026,0.0000,0.1893,34269,1,180984,0.1893,0.0000,0.4995,77070,1,154304,0.4995,0.0000
164.52,0.9852,8233,0,60000,0.1372,0.0000,0.8400,16252,0,60000,0.2709,0.0099,0.1894,34280,1,180984,0.1894,0.0000,0.4995,77070,1,154304,0.4995,0.0000
165.02,0.9868,4137,0,60000,0.0689,0.0000,0.9083,11817,0,60000,0.1969,0.0000,0.1894,34280,1,180984,0.1894,0.0000,0.4995,77070,1,154304,0.4995,0.0000
165.52,0.9868,8233,0,60000,0.1372,0.0000,0.9766,15913,0,60000,0.2652,0.0099,0.1894,34280,1,180984,0.1894,0.0000,0.4995,77070,1,154304,0.4995,0.0000
166.02,0.9868,8233,0,60000,0.1372,0.0000,0.9766,15913,0,60000,0.2652,0.0099,0.1894,34280,1,180984,0.1894,0.0000,0.4995,77070,1,154304,0.4995,0.0000
166.52,0.9868,8233,0,60000,0.1372,0.0000,0.9021,11441,0,60000,0.1907,0.0000,0.1894,34280,1,180984,0.1894,0.0000,0.4995,77070,1,154304,0.4995,0.0000
167.02,0.9868,8233,0,60000,0.1372,0.0000,0.9704,15538,0,60000,0.2590,0.0101,0.1894,34280,1,180984,0.1894,0.0000,0.4995,77070,1,154304,0.4995,0.0000
167.52,0.9868,8233,0,60000,0.1372,0.0000,0.9051,11062,0,60000,0.1844,0.0000,0.1894,34280,1,180984,0.1894,0.0000,0.4984,76911,1,154304,0.4984,0.0000
168.02,0.9868,8233,0,60000,0.1372,0.0000,0.9734,15158,0,60000,0.2526,0.0099,0.1894,34280,1,180984,0.1894,0.0000,0.4984,76911,1,154304,0.4984,0.0000
168.52,0.9868,8233,0,60000,0.1372,0.0000,0.9734,15158,0,60000,0.2526,0.0099,0.1894,34280,1,180984,0.1894,0.0000,0.4984,76911,1,154304,0.4984,0.0000
169.02,0.9868,8233,0,60000,0.1372,0.0000,0.9624,10718,0,60000,0.1786,0.0000,0.2832,51262,1,180984,0.2832,0.0000,0.4984,76911,1,154304,0.4984,0.0000
169.52,0.9868,8233,0,60000,0.1372,0.0000,0.9624,14814,0,60000,0.2469,0.0099,0.2832,51262,1,180984,0.2832,0.0000,0.4984,76911,1,154304,0.4984,0.0000
170.02,0.9868,8233,0,60000,0.1372,0.0000,0.8853,10418,0,60000,0.1736,0.0000,0.2832,51262,1,180984,0.2832,0.0000,0.4984,76911,1,154304,0.4984,0.0000
170.52,0.9868,8233,0,60000,0.1372,0.0000,0.8853,10418,0,60000,0.1736,0.0000,0.2832,51262,1,180984,0.2832,0.0000,0.4984,76911,1,154304,0.4984,0.0000
171.02,0.9868,8233,0,60000,0.1372,0.0000,0.9535,14514,0,60000,0.2419,0.0099,0.2832,51262,1,180984,0.2832,0.0000,0.4984,76911,1,154304,0.4984,0.0000
171.52,0.9868,8233,0,60000,0.1372,0.0000,0.9450,10146,0,60000,0.1691,0.0000,0.2832,51262,1,180984,0.2832,0.0000,0.4984,76911,1,154304,0.4984,0.0000
172.02,0.9777,8592,0,60000,0.1432,0.9977,0.9331,14242,0,60000,0.2374,0.0099,0.2832,51262,1,180984,0.2832,0.0000,0.4984,76911,1,154304,0.4984,0.0000
172.52,0.9777,8592,0,60000,0.1432,0.9977,0.9331,14242,0,60000,0.2374,0.0099,0.2832,51262,1,180984,0.2832,0.0000,0.4430,68351,1,154304,0.4430,0.0000
173.03,0.9197,4137,0,60000,0.0689,0.0000,0.9331,9754,0,60000,0.1626,0.0000,0.2832,51262,1,180984,0.2832,0.0000,0.4430,68351,1,154304,0.4430,0.0000
173.53,0.9197,4137,0,60000,0.0689,0.0000,0.9205,13850,0,60000,0.2308,0.0099,0.2832,51262,1,180984,0.2832,0.0000,0.4430,68351,1,154304,0.4430,0.0000
174.03,0.9880,8233,0,60000,0.1372,0.0099,0.9888,9424,0,60000,0.1571,0.0000,0.2832,51262,1,180984,0.2832,0.0000,0.4430,68351,1,154304,0.4430,0.0000
174.53,0.9689,12329,0,60000,0.2055,0.0000,0.9888,13520,0,60000,0.2253,0.0104,0.2832,51262,1,180984,0.2832,0.0000,0.4430,68351,1,154304,0.4430,0.0000
175.03,0.8417,16425,0,60000,0.2737,0.0000,0.9888,13520,0,60000,0.2253,0.0104,0.2832,51262,1,180984,0.2832,0.0000,0.4430,68351,1,154304,0.4430,0.0000
175.53,0.8417,16425,0,60000,0.2737,0.0000,0.9767,9132,0,60000,0.1522,0.0000,0.2832,51262,1,180984,0.2832,0.0000,0.4425,68281,1,154304,0.4425,0.0000
176.03,0.8417,16425,0,60000,0.2737,0.0000,0.9767,13228,0,60000,0.2205,0.0099,0.2832,51262,1,180984,0.2832,0.0000,0.4425,68281,1,154304,0.4425,0.0000
176.53,0.8417,16425,0,60000,0.2737,0.0000,0.9660,8844,0,60000,0.1474,0.0000,0.2826,51154,1,180984,0.2826,0.0000,0.4425,68281,1,154304,0.4425,0.0000
177.03,0.9198,4137,0,60000,0.0689,0.0000,0.9660,8844,0,60000,0.1474,0.0000,0.2826,51154,1,180984,0.2826,0.0000,0.4425,68281,1,154304,0.4425,0.0000
177.53,0.9881,8233,0,60000,0.1372,0.0000,0.9660,12940,0,60000,0.2157,0.0000,0.2826,51154,1,180984,0.2826,0.0000,0.4425,68281,1,154304,0.4425,0.0000
178.03,0.9881,8233,0,60000,0.1372,0.0000,0.9565,8575,0,60000,0.1429,0.0099,0.2826,51154,1,180984,0.2826,0.0000,0.4425,68281,1,154304,0.4425,0.0000
178.53,0.9942,17049,0,60000,0.2842,0.9960,0.8091,12671,0,60000,0.2112,0.0000,0.2826,51154,1,180984,0.2826,0.0000,0.4425,68281,1,154304,0.4425,0.0000
179.03,0.9942,17049,0,60000,0.2842,0.9960,0.8091,12671,0,60000,0.2112,0.0000,0.2826,51154,1,180984,0.2826,0.0000,0.3878,59835,1,154304,0.3878,0.0000
179.53,0.8487,17069,0,60000,0.2845,0.9977,0.8774,16767,0,60000,0.2794,0.0099,0.2826,51154,1,180984,0.2826,0.0000,0.3878,59835,1,154304,0.3878,0.0000
180.03,0.9173,12700,0,60000,0.2117,0.0000,0.9456,12303,0,60000,0.2051,0.0000,0.2826,51154,1,180984,0.2826,0.0000,0.3878,59835,1,154304,0.3878,0.0000
180.53,0.9856,8233,0,60000,0.1372,0.0099,0.9336,16399,0,60000,0.2733,0.0099,0.2826,51154,1,180984,0.2826,0.0000,0.3878,59835,1,154304,0.3878,0.0000
181.03,0.9856,12329,0,60000,0.2055,0.0000,0.9336,16399,0,60000,0.2733,0.0099,0.2826,51154,1,180984,0.2826,0.0000,0.5524,85245,1,154304,0.5524,0.0000
181.53,0.9856,16425,0,60000,0.2737,0.0000,0.9336,12010,0,60000,0.2002,0.0000,0.2826,51154,1,180984,0.2826,0.0000,0.5524,85245,1,154304,0.5524,0.0000
182.03,0.9856,16425,0,60000,0.2737,0.0000,0.9184,16106,0,60000,0.2684,0.0099,0.2826,51154,1,180984,0.2826,0.0000,0.5524,85245,1,154304,0.5524,0.0000
182.53,0.9856,16425,0,60000,0.2737,0.0000,0.9867,11738,0,60000,0.1956,0.0000,0.2826,51154,1,180984,0.2826,0.0000,0.5524,85245,1,154304,0.5524,0.0000
183.03,0.9856,16425,0,60000,0.2737,0.0000,0.9867,11738,0,60000,0.1956,0.0000,0.2826,51154,1,180984,0.2826,0.0000,0.3866,59648,1,154304,0.3866,0.0000
183.53,0.9856,16425,0,60000,0.2737,0.0000,0.9826,15834,0,60000,0.2639,0.0099,0.2825,51129,1,180984,0.2825,0.0000,0.3866,59648,1,154304,0.3866,0.0000
184.03,0.9856,16425,0,60000,0.2737,0.0000,0.9188,11499,0,60000,0.1916,0.0000,0.2825,51129,1,180984,0.2825,0.0000,0.3866,59648,1,154304,0.3866,0.0000
184.53,0.9893,4137,0,60000,0.0689,0.0000,0.9871,15596,0,60000,0.2599,0.0101,0.2825,51129,1,180984,0.2825,0.0000,0.3866,59648,1,154304,0.3866,0.0000
185.03,0.9893,8233,0,60000,0.1372,0.0000,0.9668,11129,0,60000,0.1855,0.0000,0.2825,51129,1,180984,0.2825,0.0000,0.3866,59648,1,154304,0.3866,0.0000
185.53,0.9202,12658,0,60000,0.2110,0.0000,0.9668,11129,0,60000,0.1855,0.0000,0.2825,51129,1,180984,0.2825,0.0000,0.3866,59648,1,154304,0.3866,0.0000
186.03,0.9202,12658,0,60000,0.2110,0.0000,0.9668,15225,0,60000,0.2537,0.0099,0.2825,51129,1,180984,0.2825,0.0000,0.3866,59648,1,154304,0.3866,0.0000
186.53,0.8461,16751,0,60000,0.2792,0.6774,0.9558,10892,0,60000,0.1815,0.0000,0.2826,51148,1,180984,0.2826,0.0000,0.3866,59648,1,154304,0.3866,0.0000
187.03,0.9143,20847,0,60000,0.3474,0.0000,0.9464,14988,0,60000,0.2498,0.0099,0.2826,51148,1,180984,0.2826,0.0000,0.3866,59648,1,154304,0.3866,0.0000
187.53,0.9826,33388,0,60000,0.5565,0.6755,0.9464,14988,0,60000,0.2498,0.0099,0.2826,51148,1,180984,0.2826,0.0000,0.3866,59648,1,154304,0.3866,0.0000
188.03,0.9777,29033,0,60000,0.4839,0.0000,0.9464,10636,0,60000,0.1773,0.0000,0.2826,51148,1,180984,0.2826,0.0000,0.3866,59648,1,154304,0.3866,0.0000
188.53,0.9777,33129,0,60000,0.5522,0.0000,0.8730,14732,0,60000,0.2455,0.0099,0.2826,51148,1,180984,0.2826,0.0000,0.3866,59648,1,154304,0.3866,0.0000
189.03,0.9777,33129,0,60000,0.5522,0.0000,0.9413,10259,0,60000,0.1710,0.0000,0.2826,51148,1,180984,0.2826,0.0000,0.4423,68244,1,154304,0.4423,0.0000
189.53,0.9182,29588,0,60000,0.4931,0.0000,0.9413,10259,0,60000,0.1710,0.0000,0.2826,51148,1,180984,0.2826,0.0000,0.4423,68244,1,154304,0.4423,0.0000
190.03,0.9857,25221,0,60000,0.4204,0.0101,0.9274,14355,0,60000,0.2392,0.0099,0.2826,51148,1,180984,0.2826,0.0000,0.4423,68244,1,154304,0.4423,0.0000
190.53,0.9857,25221,0,60000,0.4204,0.0101,0.9957,10015,0,60000,0.1669,0.0000,0.2353,42579,1,180984,0.2353,0.0000,0.4423,68244,1,154304,0.4423,0.0000
191.03,0.9803,29317,0,60000,0.4886,0.0000,0.9426,14111,0,60000,0.2352,0.0099,0.2353,42579,1,180984,0.2353,0.0000,0.4972,76724,1,154304,0.4972,0.0000
191.53,0.9703,33393,0,60000,0.5565,0.6755,0.9226,9707,0,60000,0.1618,0.0000,0.2353,42579,1,180984,0.2353,0.0000,0.4972,76724,1,154304,0.4972,0.0000
192.03,0.9070,37489,0,60000,0.6248,0.0000,0.9226,9707,0,60000,0.1618,0.0000,0.2353,42579,1,180984,0.2353,0.0000,0.4972,76724,1,154304,0.4972,0.0000
192.53,0.9752,41585,0,60000,0.6931,0.0000,0.9909,13803,0,60000,0.2301,0.0099,0.2353,42579,1,180984,0.2353,0.0000,0.4972,76724,1,154304,0.4972,0.0000
193.03,0.9752,41585,0,60000,0.6931,0.0000,0.9807,9379,0,60000,0.1563,0.0000,0.2353,42579,1,180984,0.2353,0.0000,0.3869,59700,1,154304,0.3869,0.0000
193.53,0.9170,42471,0,60000,0.7078,0.9975,0.9807,9379,0,60000,0.1563,0.0000,0.2353,42579,1,180984,0.2353,0.0000,0.3869,59700,1,154304,0.3869,0.0000
194.03,0.9170,42471,0,60000,0.7078,0.9975,0.8362,13475,0,60000,0.2246,0.0099,0.2353,42579,1,180984,0.2353,0.0000,0.3869,59700,1,154304,0.3869,0.0000
194.53,0.9170,42471,0,60000,0.7078,0.9975,0.9045,9131,0,60000,0.1522,0.0000,0.1886,34129,1,180984,0.1886,0.0000,0.3869,59700,1,154304,0.3869,0.0000
195.03,0.9170,42471,0,60000,0.7078,0.9975,0.9728,13227,0,60000,0.2205,0.0099,0.1886,34129,1,180984,0.1886,0.0000,0.3869,59700,1,154304,0.3869,0.0000
195.53,0.9170,42471,0,60000,0.7078,0.9975,0.9622,8877,0,60000,0.1479,0.0000,0.1886,34129,1,180984,0.1886,0.0000,0.3869,59700,1,154304,0.3869,0.0000
196.03,0.9170,42471,0,60000,0.7078,0.9975,0.9622,8877,0,60000,0.1479,0.0000,0.1886,34129,1,180984,0.1886,0.0000,0.3324,51285,1,154304,0.3324,0.0000
196.53,0.7083,17007,0,60000,0.2834,0.9978,0.9622,12973,0,60000,0.2162,0.0099,0.1886,34129,1,180984,0.1886,0.0000,0.3324,51285,1,154304,0.3324,0.0000
197.03,0.7083,17007,0,60000,0.2834,0.9978,0.9467,8572,0,60000,0.1429,0.0000,0.1886,34129,1,180984,0.1886,0.0000,0.3324,51285,1,154304,0.3324,0.0000
197.53,0.7083,17007,0,60000,0.2834,0.9978,0.7757,12668,0,60000,0.2111,0.0000,0.1886,34129,1,180984,0.1886,0.0000,0.3324,51285,1,154304,0.3324,0.0000
198.03,0.7086,8510,0,60000,0.1418,0.9960,0.8440,8243,0,60000,0.1374,0.0099,0.1886,34129,1,180984,0.1886,0.0000,0.3324,51285,1,154304,0.3324,0.0000
198.53,0.7778,21148,0,60000,0.3525,0.0000,0.8440,8243,0,60000,0.1374,0.0099,0.1890,34199,1,180984,0.1890,0.0000,0.3324,51285,1,154304,0.3324,0.0000
199.03,0.8460,16741,0,60000,0.2790,0.0000,0.9123,12339,0,60000,0.2056,0.0000,0.1890,34199,1,180984,0.1890,0.0000,0.3324,51285,1,154304,0.3324,0.0000
199.53,0.8460,16741,0,60000,0.2790,0.0000,0.9805,16435,0,60000,0.2739,0.0099,0.1890,34199,1,180984,0.1890,0.0000,0.3324,51285,1,154304,0.3324,0.0000
200.03,0.8506,17040,0,60000,0.2840,0.9959,0.9230,12049,0,60000,0.2008,0.0000,0.1887,34155,1,180984,0.1887,0.0000,0.3878,59842,1,154304,0.3878,0.0000
200.53,0.8506,17040,0,60000,0.2840,0.9959,0.9230,12049,0,60000,0.2008,0.0000,0.1887,34155,1,180984,0.1887,0.0000,0.3878,59842,1,154304,0.3878,0.0000
201.03,0.8511,17026,0,60000,0.2838,0.9959,0.9913,16145,0,60000,0.2691,0.0099,0.1887,34155,1,180984,0.1887,0.0000,0.3878,59842,1,154304,0.3878,0.0000
201.53,0.9206,21193,0,60000,0.3532,0.0000,0.9819,11779,0,60000,0.1963,0.0000,0.1887,34155,1,180984,0.1887,0.0000,0.3878,59842,1,154304,0.3878,0.0000
202.03,0.9889,25289,0,60000,0.4215,0.0000,0.9819,15875,0,60000,0.2646,0.0099,0.1887,34155,1,180984,0.1887,0.0000,0.3878,59842,1,154304,0.3878,0.0000
202.53,0.9889,25289,0,60000,0.4215,0.0000,0.9819,15875,0,60000,0.2646,0.0099,0.1887,34155,1,180984,0.1887,0.0000,0.3878,59842,1,154304,0.3878,0.0000
203.03,0.9931,16994,0,60000,0.2832,0.9959,0.8982,11501,0,60000,0.1917,0.0000,0.2364,42788,1,180984,0.2364,0.0000,0.3878,59842,1,154304,0.3878,0.0000
203.53,0.9882,21125,0,60000,0.3521,0.0000,0.9665,15597,0,60000,0.2600,0.0099,0.2364,42788,1,180984,0.2364,0.0000,0.3886,59961,1,154304,0.3886,0.0000
204.03,0.9879,16775,0,60000,0.2796,0.0000,0.9129,11192,0,60000,0.1865,0.0000,0.2364,42788,1,180984,0.2364,0.0000,0.3886,59961,1,154304,0.3886,0.0000
204.53,0.8502,16972,0,60000,0.2829,0.9975,0.9129,11192,0,60000,0.1865,0.0000,0.2364,42788,1,180984,0.2364,0.0000,0.3886,59961,1,154304,0.3886,0.0000
205.03,0.8502,16972,0,60000,0.2829,0.9975,0.8259,15288,0,60000,0.2548,0.0099,0.2364,42788,1,180984,0.2364,0.0000,0.3886,59961,1,154304,0.3886,0.0000
205.53,0.9189,12638,0,60000,0.2106,0.0000,0.8942,10849,0,60000,0.1808,0.0000,0.2358,42682,1,180984,0.2358,0.0000,0.3886,59961,1,154304,0.3886,0.0000
206.03,0.9871,16734,0,60000,0.2789,0.0099,0.9625,14945,0,60000,0.2491,0.0099,0.2358,42682,1,180984,0.2358,0.0000,0.3886,59961,1,154304,0.3886,0.0000
206.53,0.9767,12329,0,60000,0.2055,0.0000,0.9522,10486,0,60000,0.1748,0.0000,0.2358,42682,1,180984,0.2358,0.0000,0.3886,59961,1,154304,0.3886,0.0000
207.03,0.9767,12329,0,60000,0.2055,0.0000,0.9522,10486,0,60000,0.1748,0.0000,0.2358,42682,1,180984,0.2358,0.0000,0.3886,59961,1,154304,0.3886,0.0000
207.53,0.8394,24871,0,60000,0.4145,0.6755,0.9522,14582,0,60000,0.2430,0.0099,0.2358,42682,1,180984,0.2358,0.0000,0.3872,59742,1,154304,0.3872,0.0000
208.03,0.9077,20503,0,60000,0.3417,0.0000,0.9382,10179,0,60000,0.1696,0.0000,0.2358,42682,1,180984,0.2358,0.0000,0.3872,59742,1,154304,0.3872,0.0000
208.53,0.9759,24599,0,60000,0.4100,0.0000,0.9284,14275,0,60000,0.2379,0.0099,0.2839,51376,1,180984,0.2839,0.0000,0.3872,59742,1,154304,0.3872,0.0000
209.03,0.9759,24599,0,60000,0.4100,0.0000,0.9284,14275,0,60000,0.2379,0.0099,0.2839,51376,1,180984,0.2839,0.0000,0.3872,59742,1,154304,0.3872,0.0000
209.53,0.9759,24599,0,60000,0.4100,0.0000,0.9374,9897,0,60000,0.1650,0.0000,0.2839,51376,1,180984,0.2839,0.0000,0.3872,59742,1,154304,0.3872,0.0000
210.03,0.9759,24599,0,60000,0.4100,0.0000,0.9174,13994,0,60000,0.2332,0.0101,0.2839,51376,1,180984,0.2839,0.0000,0.3872,59742,1,154304,0.3872,0.0000
210.53,0.9766,4137,0,60000,0.0689,0.0000,0.9856,9558,0,60000,0.1593,0.0000,0.2370,42898,2,180984,0.2370,0.0000,0.3872,59742,1,154304,0.3872,0.0000
211.03,0.9136,8233,0,60000,0.1372,0.0000,0.9856,9558,0,60000,0.1593,0.0000,0.2370,42898,2,180984,0.2370,0.0000,0.3872,59742,1,154304,0.3872,0.0000
211.53,0.9136,8233,0,60000,0.1372,0.0000,0.7023,13654,0,60000,0.2276,0.0099,0.2370,42898,2,180984,0.2370,0.0000,0.3872,59742,1,154304,0.3872,0.0000
212.03,0.9179,16996,0,60000,0.2833,0.9959,0.7705,9194,0,60000,0.1532,0.0000,0.2370,42898,2,180984,0.2370,0.0000,0.3870,59711,1,154304,0.3870,0.0000
212.53,0.8500,25520,0,60000,0.4253,0.9975,0.8388,13290,0,60000,0.2215,0.0099,0.2370,42898,2,180984,0.2370,0.0000,0.3870,59711,1,154304,0.3870,0.0000
213.03,0.8500,25520,0,60000,0.4253,0.9975,0.9071,8847,0,60000,0.1474,0.0000,0.2370,42898,2,180984,0.2370,0.0000,0.3870,59711,1,154304,0.3870,0.0000
213.53,0.8500,25520,0,60000,0.4253,0.9975,0.9071,8847,0,60000,0.1474,0.0000,0.2370,42898,2,180984,0.2370,0.0000,0.3870,59711,1,154304,0.3870,0.0000
214.03,0.9186,4137,0,60000,0.0689,0.0000,0.9754,12943,0,60000,0.2157,0.0099,0.2370,42898,2,180984,0.2370,0.0000,0.3870,59711,1,154304,0.3870,0.0000
214.53,0.9869,8233,0,60000,0.1372,0.0000,0.9481,8521,0,60000,0.1420,0.0000,0.3780,68409,1,180984,0.3780,0.0000,0.3870,59711,1,154304,0.3870,0.0000
215.03,0.9869,8233,0,60000,0.1372,0.0000,0.9481,12617,0,60000,0.2103,0.0000,0.3780,68409,1,180984,0.3780,0.0000,0.3870,59711,1,154304,0.3870,0.0000
215.53,0.9869,8233,0,60000,0.1372,0.0000,0.8751,8275,0,60000,0.1379,0.0101,0.3780,68409,1,180984,0.3780,0.0000,0.2755,42515,1,154304,0.2755,0.0000
216.03,0.9869,8233,0,60000,0.1372,0.0000,0.8751,8275,0,60000,0.1379,0.0101,0.3780,68409,1,180984,0.3780,0.0000,0.2755,42515,1,154304,0.2755,0.0000
216.53,0.9867,4137,0,60000,0.0689,0.0000,0.9433,12371,0,60000,0.2062,0.0000,0.3780,68409,1,180984,0.3780,0.0000,0.2755,42515,1,154304,0.2755,0.0000
217.03,0.8296,16697,0,60000,0.2783,0.9550,0.9073,16467,0,60000,0.2745,0.0099,0.3780,68409,1,180984,0.3780,0.0000,0.2755,42515,1,154304,0.2755,0.0000
217.53,0.8296,16697,0,60000,0.2783,0.9550,0.9755,12067,0,60000,0.2011,0.0000,0.3780,68409,1,180984,0.3780,0.0000,0.2755,42515,1,154304,0.2755,0.0000
218.03,0.9787,34156,0,60000,0.5693,0.9977,0.9755,12067,0,60000,0.2011,0.0000,0.3780,68409,1,180984,0.3780,0.0000,0.2755,42515,1,154304,0.2755,0.0000
218.53,0.9787,34156,0,60000,0.5693,0.9977,0.9540,16163,0,60000,0.2694,0.0099,0.3780,68409,1,180984,0.3780,0.0000,0.2755,42515,1,154304,0.2755,0.0000
219.03,0.7094,42562,0,60000,0.7094,0.9978,0.9540,11703,0,60000,0.1951,0.0000,0.4729,85595,1,180984,0.4729,0.0000,0.2755,42515,1,154304,0.2755,0.0000
219.53,0.7780,46677,0,60000,0.7780,0.0000,0.9421,15799,0,60000,0.2633,0.0099,0.4729,85595,1,180984,0.4729,0.0000,0.2755,42515,1,154304,0.2755,0.0000
220.03,0.8462,33745,0,60000,0.5624,0.0000,0.9421,15799,0,60000,0.2633,0.0099,0.4729,85595,1,180984,0.4729,0.0000,0.2756,42527,2,154304,0.2756,0.0000
220.53,0.8462,33745,0,60000,0.5624,0.0000,0.9421,11450,0,60000,0.1908,0.0000,0.4729,85595,1,180984,0.4729,0.0000,0.2756,42527,2,154304,0.2756,0.0000
221.03,0.9185,29529,0,60000,0.4921,0.0000,0.9309,15546,0,60000,0.2591,0.0099,0.4729,85595,1,180984,0.4729,0.0000,0.2756,42527,2,154304,0.2756,0.0000
221.53,0.9868,25152,0,60000,0.4192,0.0000,0.9992,11157,0,60000,0.1860,0.0000,0.4715,85339,1,180984,0.4715,0.0000,0.2756,42527,2,154304,0.2756,0.0000
222.03,0.9868,25152,0,60000,0.4192,0.0000,0.9992,11157,0,60000,0.1860,0.0000,0.4715,85339,1,180984,0.4715,0.0000,0.2756,42527,2,154304,0.2756,0.0000
222.53,0.9868,25152,0,60000,0.4192,0.0000,0.9992,15253,0,60000,0.2542,0.0099,0.4715,85339,1,180984,0.4715,0.0000,0.2756,42527,2,154304,0.2756,0.0000
223.03,0.9862,21019,0,60000,0.3503,0.0000,0.9619,10813,0,60000,0.1802,0.0000,0.4240,76736,1,180984,0.4240,0.0000,0.2756,42527,2,154304,0.2756,0.0000
223.53,0.9862,16666,0,60000,0.2778,0.0099,0.9619,14909,0,60000,0.2485,0.0099,0.4240,76736,1,180984,0.4240,0.0000,0.2206,34036,1,154304,0.2206,0.0000
224.03,0.9121,12329,0,60000,0.2055,0.0000,0.9527,10545,0,60000,0.1757,0.0000,0.4240,76736,1,180984,0.4240,0.0000,0.2206,34036,1,154304,0.2206,0.0000
224.53,0.9121,12329,0,60000,0.2055,0.0000,0.9527,10545,0,60000,0.1757,0.0000,0.4240,76736,1,180984,0.4240,0.0000,0.2206,34036,1,154304,0.2206,0.0000
225.03,0.9803,16425,0,60000,0.2737,0.0000,0.8097,14641,0,60000,0.2440,0.0099,0.4240,76736,1,180984,0.4240,0.0000,0.2206,34036,1,154304,0.2206,0.0000
225.53,0.8476,17048,0,60000,0.2841,0.9975,0.8780,10239,0,60000,0.1706,0.0000,0.4240,76736,1,180984,0.4240,0.0000,0.2206,34036,1,154304,0.2206,0.0000
226.03,0.8476,17048,0,60000,0.2841,0.9975,0.9463,14335,0,60000,0.2389,0.0099,0.4240,76736,1,180984,0.4240,0.0000,0.2206,34036,1,154304,0.2206,0.0000
226.53,0.8476,17048,0,60000,0.2841,0.9975,0.9463,14335,0,60000,0.2389,0.0099,0.4240,76736,1,180984,0.4240,0.0000,0.2206,34036,1,154304,0.2206,0.0000
227.03,0.9162,4137,0,60000,0.0689,0.0000,0.9316,9897,0,60000,0.1650,0.0000,0.3778,68376,2,180984,0.3778,0.0000,0.2206,34036,1,154304,0.2206,0.0000
227.53,0.9845,8233,0,60000,0.1372,0.0000,0.9999,13993,0,60000,0.2332,0.0099,0.3778,68376,2,180984,0.3778,0.0000,0.2206,34036,1,154304,0.2206,0.0000
228.03,0.9845,8233,0,60000,0.1372,0.0000,0.9850,9649,0,60000,0.1608,0.0000,0.3778,68376,2,180984,0.3778,0.0000,0.2206,34036,1,154304,0.2206,0.0000
228.53,0.9845,8233,0,60000,0.1372,0.0000,0.9850,9649,0,60000,0.1608,0.0000,0.3778,68376,2,180984,0.3778,0.0000,0.2206,34036,1,154304,0.2206,0.0000
229.03,0.9845,8233,0,60000,0.1372,0.0000,0.9794,13745,0,60000,0.2291,0.0099,0.3778,68376,2,180984,0.3778,0.0000,0.2213,34152,1,154304,0.2213,0.0000
229.53,0.9845,8233,0,60000,0.1372,0.0000,0.9166,9326,0,60000,0.1554,0.0000,0.3778,68376,2,180984,0.3778,0.0000,0.2213,34152,1,154304,0.2213,0.0000
230.03,0.8435,8565,0,60000,0.1427,0.9977,0.9849,13422,0,60000,0.2237,0.0099,0.3778,68376,2,180984,0.3778,0.0000,0.2213,34152,1,154304,0.2213,0.0000
230.53,0.8435,8565,0,60000,0.1427,0.9977,0.9590,9065,0,60000,0.1511,0.0000,0.3778,68376,2,180984,0.3778,0.0000,0.2213,34152,1,154304,0.2213,0.0000
231.03,0.9845,8482,0,60000,0.1414,0.9979,0.9590,9065,0,60000,0.1511,0.0000,0.3778,68376,2,180984,0.3778,0.0000,0.2213,34152,1,154304,0.2213,0.0000
231.53,0.9845,8482,0,60000,0.1414,0.9979,0.9590,13161,0,60000,0.2193,0.0099,0.3778,68376,2,180984,0.3778,0.0000,0.2213,34152,1,154304,0.2213,0.0000
232.03,0.9845,8482,0,60000,0.1414,0.9979,0.9492,8798,0,60000,0.1466,0.0000,0.4712,85285,2,180984,0.4712,0.0000,0.2213,34152,1,154304,0.2213,0.0000
232.53,0.9845,8482,0,60000,0.1414,0.9979,0.9492,8798,0,60000,0.1466,0.0000,0.4712,85285,2,180984,0.4712,0.0000,0.2213,34152,1,154304,0.2213,0.0000
233.03,0.9845,8482,0,60000,0.1414,0.9979,0.7798,12894,0,60000,0.2149,0.0000,0.4712,85285,2,180984,0.4712,0.0000,0.2213,34152,1,154304,0.2213,0.0000
233.53,0.9845,8482,0,60000,0.1414,0.9979,0.8481,8458,0,60000,0.1410,0.0099,0.4712,85285,2,180984,0.4712,0.0000,0.2213,34152,1,154304,0.2213,0.0000
234.03,0.9845,8482,0,60000,0.1414,0.9979,0.7169,12554,0,60000,0.2092,0.0000,0.4712,85285,2,180984,0.4712,0.0000,0.2213,34152,1,154304,0.2213,0.0000
234.53,0.9845,8482,0,60000,0.1414,0.9979,0.7851,16650,0,60000,0.2775,0.0099,0.4712,85285,2,180984,0.4712,0.0000,0.2213,34152,1,154304,0.2213,0.0000
235.03,0.9848,4137,0,60000,0.0689,0.0000,0.7851,16650,0,60000,0.2775,0.0099,0.3770,68233,1,180984,0.3770,0.0000,0.2213,34152,1,154304,0.2213,0.0000
235.53,0.9848,16692,0,60000,0.2782,0.9619,0.8534,12267,0,60000,0.2044,0.0000,0.3770,68233,1,180984,0.3770,0.0000,0.2213,34152,1,154304,0.2213,0.0000
236.03,0.9848,16692,0,60000,0.2782,0.9619,0.9217,16364,0,60000,0.2727,0.0101,0.3770,68233,1,180984,0.3770,0.0000,0.2213,34152,1,154304,0.2213,0.0000
236.53,0.9882,25576,0,60000,0.4263,0.9977,0.9899,11939,0,60000,0.1990,0.0000,0.3770,68233,1,180984,0.3770,0.0000,0.2213,34152,1,154304,0.2213,0.0000
237.03,0.9882,25576,0,60000,0.4263,0.9977,0.9899,16035,0,60000,0.2672,0.0099,0.3770,68233,1,180984,0.3770,0.0000,0.2213,34152,1,154304,0.2213,0.0000
237.53,0.9882,25576,0,60000,0.4263,0.9977,0.9899,16035,0,60000,0.2672,0.0099,0.3770,68233,1,180984,0.3770,0.0000,0.3327,51336,2,154304,0.3327,0.0000
238.03,0.9882,25576,0,60000,0.4263,0.9977,0.9258,11609,0,60000,0.1935,0.0000,0.3770,68233,1,180984,0.3770,0.0000,0.3327,51336,2,154304,0.3327,0.0000
238.53,0.9885,0,0,60000,0.0000,0.0000,0.9940,15705,0,60000,0.2617,0.0099,0.3301,59751,1,180984,0.3301,0.0000,0.3327,51336,2,154304,0.3327,0.0000
239.03,0.9885,4137,0,60000,0.0689,0.0000,0.9742,11318,0,60000,0.1886,0.0000,0.3301,59751,1,180984,0.3301,0.0000,0.3327,51336,2,154304,0.3327,0.0000
239.53,0.9885,8233,0,60000,0.1372,0.0000,0.9742,11318,0,60000,0.1886,0.0000,0.3301,59751,1,180984,0.3301,0.0000,0.3327,51336,2,154304,0.3327,0.0000
240.03,0.9885,8233,0,60000,0.1372,0.0000,0.9742,15414,0,60000,0.2569,0.0099,0.3301,59751,1,180984,0.3301,0.0000,0.3327,51336,2,154304,0.3327,0.0000
240.53,0.9885,8233,0,60000,0.1372,0.0000,0.9101,11031,0,60000,0.1839,0.0000,0.3301,59751,1,180984,0.3301,0.0000,0.2771,42761,1,154304,0.2771,0.0000
241.03,0.9934,17064,0,60000,0.2844,0.9958,0.9784,15127,0,60000,0.2521,0.0099,0.3301,59751,1,180984,0.3301,0.0000,0.2771,42761,1,154304,0.2771,0.0000
241.53,0.9934,17064,0,60000,0.2844,0.9958,0.9784,15127,0,60000,0.2521,0.0099,0.3301,59751,1,180984,0.3301,0.0000,0.2771,42761,1,154304,0.2771,0.0000
242.03,0.9934,17064,0,60000,0.2844,0.9958,0.9591,10771,0,60000,0.1795,0.0000,0.3305,59822,1,180984,0.3305,0.0000,0.2771,42761,1,154304,0.2771,0.0000
242.54,0.9934,17064,0,60000,0.2844,0.9958,0.9591,14867,0,60000,0.2478,0.0099,0.3305,59822,1,180984,0.3305,0.0000,0.2771,42761,1,154304,0.2771,0.0000
243.04,0.9934,17064,0,60000,0.2844,0.9958,0.9489,10429,0,60000,0.1738,0.0000,0.3305,59822,1,180984,0.3305,0.0000,0.2771,42760,1,154304,0.2771,0.0000
243.54,0.9844,4137,0,60000,0.0689,0.0000,0.9379,14525,0,60000,0.2421,0.0099,0.3305,59822,1,180984,0.3305,0.0000,0.2771,42760,1,154304,0.2771,0.0000
244.04,0.9799,8233,0,60000,0.1372,0.0000,0.9379,14525,0,60000,0.2421,0.0099,0.3305,59822,1,180984,0.3305,0.0000,0.2771,42760,1,154304,0.2771,0.0000
244.54,0.9799,8233,0,60000,0.1372,0.0000,0.9379,10148,0,60000,0.1691,0.0000,0.3305,59822,1,180984,0.3305,0.0000,0.2771,42760,1,154304,0.2771,0.0000
245.04,0.9853,12652,0,60000,0.2109,0.0000,0.9276,14244,0,60000,0.2374,0.0099,0.3305,59822,1,180984,0.3305,0.0000,0.2771,42760,1,154304,0.2771,0.0000
245.54,0.9112,8233,0,60000,0.1372,0.0000,0.9958,9786,0,60000,0.1631,0.0000,0.3305,59822,1,180984,0.3305,0.0000,0.2771,42760,1,154304,0.2771,0.0000
246.04,0.7095,17073,0,60000,0.2846,0.9977,0.9958,9786,0,60000,0.1631,0.0000,0.3305,59822,1,180984,0.3305,0.0000,0.2771,42760,1,154304,0.2771,0.0000
246.54,0.7095,17073,0,60000,0.2846,0.9977,0.8499,13882,0,60000,0.2314,0.0099,0.4726,85542,1,180984,0.4726,0.0000,0.2771,42760,1,154304,0.2771,0.0000
247.04,0.7095,17073,0,60000,0.2846,0.9977,0.9182,9534,0,60000,0.1589,0.0000,0.4726,85542,1,180984,0.4726,0.0000,0.2771,42760,1,154304,0.2771,0.0000
247.54,0.7781,4137,0,60000,0.0689,0.0000,0.8410,13630,0,60000,0.2272,0.0099,0.4726,85542,1,180984,0.4726,0.0000,0.2771,42760,1,154304,0.2771,0.0000
248.04,0.8464,8233,0,60000,0.1372,0.0000,0.9093,9232,0,60000,0.1539,0.0000,0.4726,85542,1,180984,0.4726,0.0000,0.2771,42760,1,154304,0.2771,0.0000
248.54,0.8504,16989,0,60000,0.2832,0.9977,0.9093,9232,0,60000,0.1539,0.0000,0.4726,85542,1,180984,0.4726,0.0000,0.2771,42760,1,154304,0.2771,0.0000
249.04,0.8504,16989,0,60000,0.2832,0.9977,0.9776,13328,0,60000,0.2221,0.0099,0.4726,85542,1,180984,0.4726,0.0000,0.2771,42760,1,154304,0.2771,0.0000
249.54,0.8504,16989,0,60000,0.2832,0.9977,0.9568,8874,0,60000,0.1479,0.0000,0.4726,85542,1,180984,0.4726,0.0000,0.2771,42760,1,154304,0.2771,0.0000
250.04,0.9190,4137,0,60000,0.0689,0.0000,0.9568,12970,0,60000,0.2162,0.0099,0.4726,85542,1,180984,0.4726,0.0000,0.2208,34075,1,154304,0.2208,0.0000
250.54,0.9872,8233,0,60000,0.1372,0.0099,0.9568,12970,0,60000,0.2162,0.0099,0.4724,85489,1,180984,0.4724,0.0000,0.2208,34075,1,154304,0.2208,0.0000
251.04,0.9829,12329,0,60000,0.2055,0.0000,0.8930,8579,0,60000,0.1430,0.0000,0.4724,85489,1,180984,0.4724,0.0000,0.2208,34075,1,154304,0.2208,0.0000
251.54,0.9829,12329,0,60000,0.2055,0.0000,0.9613,12675,0,60000,0.2112,0.0000,0.4724,85489,1,180984,0.4724,0.0000,0.2208,34075,1,154304,0.2208,0.0000
252.04,0.9776,24934,0,60000,0.4156,0.9399,0.9406,8256,0,60000,0.1376,0.0099,0.4724,85489,1,180984,0.4724,0.0000,0.2208,34075,1,154304,0.2208,0.0000
252.54,0.9776,24934,0,60000,0.4156,0.9399,0.9406,8256,0,60000,0.1376,0.0099,0.4724,85489,1,180984,0.4724,0.0000,0.2210,34102,1,154304,0.2210,0.0000
253.04,0.9868,25482,0,60000,0.4247,0.9960,0.9406,12352,0,60000,0.2059,0.0000,0.4724,85489,1,180984,0.4724,0.0000,0.2210,34102,1,154304,0.2210,0.0000
253.54,0.9868,25482,0,60000,0.4247,0.9960,0.8782,16448,0,60000,0.2741,0.0099,0.4724,85489,1,180984,0.4724,0.0000,0.2210,34102,1,154304,0.2210,0.0000
254.04,0.9873,12604,0,60000,0.2101,0.0000,0.9464,11988,0,60000,0.1998,0.0000,0.4724,85489,1,180984,0.4724,0.0000,0.2210,34102,1,154304,0.2210,0.0000
254.54,0.9873,8233,0,60000,0.1372,0.0000,0.9265,16085,0,60000,0.2681,0.0101,0.4247,76865,1,180984,0.4247,0.0000,0.2210,34102,1,154304,0.2210,0.0000
255.04,0.9873,8233,0,60000,0.1372,0.0000,0.9265,16085,0,60000,0.2681,0.0101,0.4247,76865,1,180984,0.4247,0.0000,0.2210,34102,1,154304,0.2210,0.0000
255.54,0.9855,12589,0,60000,0.2098,0.0000,0.9948,11624,0,60000,0.1937,0.0000,0.4247,76865,1,180984,0.4247,0.0000,0.2210,34102,1,154304,0.2210,0.0000
256.04,0.9855,8233,0,60000,0.1372,0.0099,0.9948,15720,0,60000,0.2620,0.0099,0.4247,76865,1,180984,0.4247,0.0000,0.2210,34102,1,154304,0.2210,0.0000
256.54,0.9797,12329,0,60000,0.2055,0.0000,0.9838,11364,0,60000,0.1894,0.0000,0.4247,76865,1,180984,0.4247,0.0000,0.2762,42616,1,154304,0.2762,0.0000
257.04,0.9797,12329,0,60000,0.2055,0.0000,0.9838,11364,0,60000,0.1894,0.0000,0.4247,76865,1,180984,0.4247,0.0000,0.2762,42616,1,154304,0.2762,0.0000
257.54,0.8307,24970,0,60000,0.4162,0.9306,0.9838,15460,0,60000,0.2577,0.0101,0.3306,59838,1,180984,0.3306,0.0000,0.2762,42616,1,154304,0.2762,0.0000
258.04,0.8504,25553,0,60000,0.4259,0.9975,0.9674,11037,0,60000,0.1840,0.0000,0.3306,59838,1,180984,0.3306,0.0000,0.2762,42616,1,154304,0.2762,0.0000
258.54,0.8504,25553,0,60000,0.4259,0.9975,0.9674,15133,0,60000,0.2522,0.0099,0.3306,59838,1,180984,0.3306,0.0000,0.2762,42616,1,154304,0.2762,0.0000
259.04,0.8504,25553,0,60000,0.4259,0.9975,0.9674,15133,0,60000,0.2522,0.0099,0.3306,59838,1,180984,0.3306,0.0000,0.2762,42616,1,154304,0.2762,0.0000
259.54,0.8507,17007,0,60000,0.2834,0.9960,0.9617,10747,0,60000,0.1791,0.0000,0.3306,59838,1,180984,0.3306,0.0000,0.3327,51341,1,154304,0.3327,0.0000
260.04,0.9195,21137,0,60000,0.3523,0.0000,0.9617,14845,0,60000,0.2474,0.0104,0.3768,68186,1,180984,0.3768,0.0000,0.3327,51341,1,154304,0.3327,0.0000
260.54,0.9878,25233,0,60000,0.4205,0.0000,0.9438,10478,0,60000,0.1746,0.0000,0.3768,68186,1,180984,0.3768,0.0000,0.3327,51341,1,154304,0.3327,0.0000
261.04,0.9881,12624,0,60000,0.2104,0.0000,0.9334,14574,0,60000,0.2429,0.0099,0.3768,68186,1,180984,0.3768,0.0000,0.3327,51341,1,154304,0.3327,0.0000
261.54,0.9881,8234,0,60000,0.1372,0.0000,0.9334,14574,0,60000,0.2429,0.0099,0.3768,68186,1,180984,0.3768,0.0000,0.3327,51341,1,154304,0.3327,0.0000
262.04,0.9881,8234,0,60000,0.1372,0.0000,0.9334,10101,0,60000,0.1683,0.0000,0.2831,51229,1,180984,0.2831,0.0000,0.3327,51341,1,154304,0.3327,0.0000
262.54,0.8457,21160,0,60000,0.3527,0.0000,0.6621,14197,0,60000,0.2366,0.0099,0.2831,51229,1,180984,0.2831,0.0000,0.3327,51341,1,154304,0.3327,0.0000
263.04,0.9140,16702,0,60000,0.2784,0.0000,0.7304,9784,0,60000,0.1631,0.0000,0.2831,51229,1,180984,0.2831,0.0000,0.3327,51341,1,154304,0.3327,0.0000
263.54,0.9183,16965,0,60000,0.2828,0.0101,0.7304,9784,0,60000,0.1631,0.0000,0.2831,51229,1,180984,0.2831,0.0000,0.3327,51341,1,154304,0.3327,0.0000
264.04,0.9866,21061,0,60000,0.3510,0.0000,0.7986,13880,0,60000,0.2313,0.0099,0.2831,51229,1,180984,0.2831,0.0000,0.3327,51341,1,154304,0.3327,0.0000
264.54,0.9772,33643,0,60000,0.5607,0.9654,0.8669,9535,0,60000,0.1589,0.0000,0.2831,51229,1,180984,0.2831,0.0000,0.3327,51341,1,154304,0.3327,0.0000
265.04,0.9823,25512,0,60000,0.4252,0.9975,0.9352,13631,0,60000,0.2272,0.0099,0.2351,42548,1,180984,0.2351,0.0000,0.4985,76916,1,154304,0.4985,0.0000
265.54,0.9823,25512,0,60000,0.4252,0.9975,0.9352,13631,0,60000,0.2272,0.0099,0.2351,42548,1,180984,0.2351,0.0000,0.4985,76916,1,154304,0.4985,0.0000
266.04,0.9184,21166,0,60000,0.3528,0.0000,0.9043,9206,0,60000,0.1534,0.0000,0.2351,42548,1,180984,0.2351,0.0000,0.4985,76916,1,154304,0.4985,0.0000
266.54,0.9867,16740,0,60000,0.2790,0.0099,0.9726,13304,0,60000,0.2217,0.0104,0.2351,42548,1,180984,0.2351,0.0000,0.4988,76971,1,154304,0.4988,0.0000
267.04,0.9867,16740,0,60000,0.2790,0.0099,0.9618,17400,0,60000,0.2900,0.0000,0.2351,42548,1,180984,0.2351,0.0000,0.4988,76971,1,154304,0.4988,0.0000
267.54,0.9807,12329,0,60000,0.2055,0.0000,0.9618,12973,0,60000,0.2162,0.0099,0.2351,42548,1,180984,0.2351,0.0000,0.4988,76971,1,154304,0.4988,0.0000
268.04,0.9807,16425,0,60000,0.2737,0.0099,0.9618,12973,0,60000,0.2162,0.0099,0.2351,42548,1,180984,0.2351,0.0000,0.4988,76971,1,154304,0.4988,0.0000
268.54,0.9698,12067,0,60000,0.2011,0.0000,0.8815,17069,0,60000,0.2845,0.0000,0.2351,42548,1,180984,0.2351,0.0000,0.3328,51356,1,154304,0.3328,0.0000
269.04,0.9031,24626,0,60000,0.4104,0.9013,0.9497,12699,0,60000,0.2117,0.0000,0.2351,42548,1,180984,0.2351,0.0000,0.3328,51356,1,154304,0.3328,0.0000
269.54,0.9031,24626,0,60000,0.4104,0.9013,0.9404,8292,0,60000,0.1382,0.0099,0.2351,42548,1,180984,0.2351,0.0000,0.3328,51356,1,154304,0.3328,0.0000
270.04,0.9031,24626,0,60000,0.4104,0.9013,0.9404,8292,0,60000,0.1382,0.0099,0.2351,42548,1,180984,0.2351,0.0000,0.3328,51356,1,154304,0.3328,0.0000
270.54,0.9031,24626,0,60000,0.4104,0.9013,0.9360,12388,0,60000,0.2065,0.0000,0.2351,42548,1,180984,0.2351,0.0000,0.3328,51356,1,154304,0.3328,0.0000
271.04,0.8509,25551,0,60000,0.4259,0.9977,0.9250,16484,0,60000,0.2747,0.0099,0.3294,59623,2,180984,0.3294,0.0000,0.3333,51433,1,154304,0.3333,0.0000
271.54,0.8509,25551,0,60000,0.4259,0.9977,0.9250,16484,0,60000,0.2747,0.0099,0.3294,59623,2,180984,0.3294,0.0000,0.3333,51433,1,154304,0.3333,0.0000
272.04,0.8509,25551,0,60000,0.4259,0.9977,0.9087,12139,0,60000,0.2023,0.0000,0.3294,59623,2,180984,0.3294,0.0000,0.3333,51433,1,154304,0.3333,0.0000
272.54,0.8509,25551,0,60000,0.4259,0.9977,0.9770,16235,0,60000,0.2706,0.0101,0.3294,59623,2,180984,0.3294,0.0000,0.3333,51433,1,154304,0.3333,0.0000
273.04,0.8509,25551,0,60000,0.4259,0.9977,0.9149,11885,0,60000,0.1981,0.0000,0.3294,59623,2,180984,0.3294,0.0000,0.3333,51433,1,154304,0.3333,0.0000
273.54,0.8509,25551,0,60000,0.4259,0.9977,0.9831,15981,0,60000,0.2663,0.0099,0.3294,59623,2,180984,0.3294,0.0000,0.3333,51433,1,154304,0.3333,0.0000
274.04,0.8509,25551,0,60000,0.4259,0.9977,0.9734,11559,0,60000,0.1926,0.0000,0.3294,59623,2,180984,0.3294,0.0000,0.3333,51433,1,154304,0.3333,0.0000
274.54,0.8513,8538,0,60000,0.1423,0.9958,0.9734,11559,0,60000,0.1926,0.0000,0.3294,59623,2,180984,0.3294,0.0000,0.3333,51433,1,154304,0.3333,0.0000
275.04,0.8513,8538,0,60000,0.1423,0.9958,0.9734,15655,0,60000,0.2609,0.0099,0.3294,59623,2,180984,0.3294,0.0000,0.3880,59875,1,154304,0.3880,0.0000
275.54,0.8513,8538,0,60000,0.1423,0.9958,0.8938,11254,0,60000,0.1876,0.0000,0.3303,59771,1,180984,0.3303,0.0000,0.3880,59875,1,154304,0.3880,0.0000
276.04,0.9201,4138,0,60000,0.0690,0.0000,0.9620,15350,0,60000,0.2558,0.0099,0.3303,59771,1,180984,0.3303,0.0000,0.3880,59875,1,154304,0.3880,0.0000
276.54,0.9884,8234,0,60000,0.1372,0.0000,0.9620,15350,0,60000,0.2558,0.0099,0.3303,59771,1,180984,0.3303,0.0000,0.3880,59875,1,154304,0.3880,0.0000
277.04,0.9932,8521,0,60000,0.1420,0.0099,0.9588,10897,0,60000,0.1816,0.0000,0.3303,59771,1,180984,0.3303,0.0000,0.3880,59875,1,154304,0.3880,0.0000
277.54,0.9879,12617,0,60000,0.2103,0.0000,0.9588,14993,0,60000,0.2499,0.0099,0.3303,59771,1,180984,0.3303,0.0000,0.3880,59875,1,154304,0.3880,0.0000
278.04,0.9836,8233,0,60000,0.1372,0.0000,0.8850,10565,0,60000,0.1761,0.0000,0.3303,59771,1,180984,0.3303,0.0000,0.3877,59827,1,154304,0.3877,0.0000
278.54,0.8417,17061,0,60000,0.2843,0.9977,0.8850,10565,0,60000,0.1761,0.0000,0.3303,59771,1,180984,0.3303,0.0000,0.3877,59827,1,154304,0.3877,0.0000
279.04,0.9839,25593,0,60000,0.4265,0.9976,0.9533,14661,0,60000,0.2444,0.0099,0.3303,59771,1,180984,0.3303,0.0000,0.3877,59827,1,154304,0.3877,0.0000
279.54,0.9839,25593,0,60000,0.4265,0.9976,0.9458,10288,0,60000,0.1715,0.0000,0.3303,59771,1,180984,0.3303,0.0000,0.3877,59827,1,154304,0.3877,0.0000
280.04,0.9839,25593,0,60000,0.4265,0.9976,0.9362,14385,0,60000,0.2397,0.0101,0.3303,59771,1,180984,0.3303,0.0000,0.3877,59827,1,154304,0.3877,0.0000
280.54,0.9839,25593,0,60000,0.4265,0.9976,0.9362,9924,0,60000,0.1654,0.0000,0.2834,51287,1,180984,0.2834,0.0000,0.3877,59827,1,154304,0.3877,0.0000
281.04,0.9839,25593,0,60000,0.4265,0.9976,0.9362,9924,0,60000,0.1654,0.0000,0.2834,51287,1,180984,0.2834,0.0000,0.3877,59827,1,154304,0.3877,0.0000
281.54,0.9839,25593,0,60000,0.4265,0.9976,0.9257,14020,0,60000,0.2337,0.0099,0.2834,51287,1,180984,0.2834,0.0000,0.3877,59827,1,154304,0.3877,0.0000
282.04,0.9839,25593,0,60000,0.4265,0.9976,0.9940,9680,0,60000,0.1613,0.0000,0.2829,51197,1,180984,0.2829,0.0000,0.3877,59827,1,154304,0.3877,0.0000
282.54,0.9783,8511,0,60000,0.1419,0.9977,0.9940,13776,0,60000,0.2296,0.0099,0.2829,51197,1,180984,0.2829,0.0000,0.3877,59827,1,154304,0.3877,0.0000
283.04,0.9783,8511,0,60000,0.1419,0.9977,0.9940,13776,0,60000,0.2296,0.0099,0.2829,51197,1,180984,0.2829,0.0000,0.3877,59827,1,154304,0.3877,0.0000
283.54,0.9783,8511,0,60000,0.1419,0.9977,0.9829,9345,0,60000,0.1557,0.0000,0.2829,51197,1,180984,0.2829,0.0000,0.3877,59827,1,154304,0.3877,0.0000
284.04,0.9783,8511,0,60000,0.1419,0.9977,0.9774,13441,0,60000,0.2240,0.0099,0.2829,51197,1,180984,0.2829,0.0000,0.3877,59827,1,154304,0.3877,0.0000
284.54,0.9783,8511,0,60000,0.1419,0.9977,0.9672,9049,0,60000,0.1508,0.0000,0.2829,51197,1,180984,0.2829,0.0000,0.3877,59827,1,154304,0.3877,0.0000
285.04,0.9188,8492,0,60000,0.1415,0.9978,0.9672,9049,0,60000,0.1508,0.0000,0.2829,51197,1,180984,0.2829,0.0000,0.3877,59827,1,154304,0.3877,0.0000
285.54,0.9188,8492,0,60000,0.1415,0.9978,0.9672,13145,0,60000,0.2191,0.0099,0.2829,51197,1,180984,0.2829,0.0000,0.3877,59827,1,154304,0.3877,0.0000
286.04,0.9188,8492,0,60000,0.1415,0.9978,0.9565,8777,0,60000,0.1463,0.0000,0.2829,51197,1,180984,0.2829,0.0000,0.4980,76836,1,154304,0.4980,0.0000
286.54,0.7098,8546,0,60000,0.1424,0.9977,0.9565,12873,0,60000,0.2145,0.0000,0.2829,51197,1,180984,0.2829,0.0000,0.4980,76836,1,154304,0.4980,0.0000
287.04,0.7098,8546,0,60000,0.1424,0.9977,0.9464,8467,0,60000,0.1411,0.0099,0.2834,51296,1,180984,0.2834,0.0000,0.4980,76836,1,154304,0.4980,0.0000
287.54,0.7098,8546,0,60000,0.1424,0.9977,0.9464,8467,0,60000,0.1411,0.0099,0.2834,51296,1,180984,0.2834,0.0000,0.4980,76836,1,154304,0.4980,0.0000
288.04,0.7784,4137,0,60000,0.0689,0.0000,0.8004,12563,0,60000,0.2094,0.0000,0.2834,51296,1,180984,0.2834,0.0000,0.4980,76836,1,154304,0.4980,0.0000
288.54,0.8467,8233,0,60000,0.1372,0.0000,0.8687,16660,0,60000,0.2777,0.0101,0.2834,51296,1,180984,0.2834,0.0000,0.4980,76836,1,154304,0.4980,0.0000
289.04,0.9190,12571,0,60000,0.2095,0.0000,0.9370,12233,0,60000,0.2039,0.0000,0.2358,42669,1,180984,0.2358,0.0000,0.4980,76836,1,154304,0.4980,0.0000
289.54,0.9872,8234,0,60000,0.1372,0.0099,0.9370,12233,0,60000,0.2039,0.0000,0.2358,42669,1,180984,0.2358,0.0000,0.4980,76836,1,154304,0.4980,0.0000
290.04,0.9872,8234,0,60000,0.1372,0.0099,0.9219,16330,0,60000,0.2722,0.0101,0.2358,42669,1,180984,0.2358,0.0000,0.4980,76836,1,154304,0.4980,0.0000
290.54,0.9826,12330,0,60000,0.2055,0.0000,0.9902,11915,0,60000,0.1986,0.0000,0.2358,42669,1,180984,0.2358,0.0000,0.4980,76836,1,154304,0.4980,0.0000
291.04,0.9763,24896,0,60000,0.4149,0.9334,0.9902,16011,0,60000,0.2668,0.0099,0.2358,42669,1,180984,0.2358,0.0000,0.5538,85456,1,154304,0.5538,0.0000
291.54,0.9763,24896,0,60000,0.4149,0.9334,0.9902,16011,0,60000,0.2668,0.0099,0.2358,42669,1,180984,0.2358,0.0000,0.5538,85456,1,154304,0.5538,0.0000
292.04,0.9763,24896,0,60000,0.4149,0.9334,0.9258,11632,0,60000,0.1939,0.0000,0.2358,42669,1,180984,0.2358,0.0000,0.5538,85456,1,154304,0.5538,0.0000
292.54,0.9763,24896,0,60000,0.4149,0.9334,0.9941,15728,0,60000,0.2621,0.0099,0.2358,42669,1,180984,0.2358,0.0000,0.5538,85456,1,154304,0.5538,0.0000
293.04,0.9763,24896,0,60000,0.4149,0.9334,0.9301,11270,0,60000,0.1878,0.0000,0.2358,42669,1,180984,0.2358,0.0000,0.5538,85456,1,154304,0.5538,0.0000
293.54,0.9763,24896,0,60000,0.4149,0.9334,0.8284,15366,0,60000,0.2561,0.0099,0.2358,42669,1,180984,0.2358,0.0000,0.5538,85456,1,154304,0.5538,0.0000
294.04,0.9763,24896,0,60000,0.4149,0.9334,0.8284,15366,0,60000,0.2561,0.0099,0.2358,42669,1,180984,0.2358,0.0000,0.3325,51303,1,154304,0.3325,0.0000
294.54,0.9763,24896,0,60000,0.4149,0.9334,0.8966,11009,0,60000,0.1835,0.0000,0.2358,42669,1,180984,0.2358,0.0000,0.3325,51303,1,154304,0.3325,0.0000
295.04,0.9864,4138,0,60000,0.0690,0.0000,0.9604,15105,0,60000,0.2517,0.0099,0.2358,42669,1,180984,0.2358,0.0000,0.3325,51303,1,154304,0.3325,0.0000
295.54,0.7704,16693,0,60000,0.2782,0.9620,0.9488,10685,0,60000,0.1781,0.0000,0.2358,42669,1,180984,0.2358,0.0000,0.3325,51303,1,154304,0.3325,0.0000
296.04,0.7704,16693,0,60000,0.2782,0.9620,0.9488,10685,0,60000,0.1781,0.0000,0.2358,42669,1,180984,0.2358,0.0000,0.3325,51303,1,154304,0.3325,0.0000
296.54,0.7704,16693,0,60000,0.2782,0.9620,0.8797,14782,0,60000,0.2464,0.0101,0.3305,59811,1,180984,0.3305,0.0000,0.3325,51303,1,154304,0.3325,0.0000
297.04,0.7704,16693,0,60000,0.2782,0.9620,0.9480,10448,0,60000,0.1741,0.0000,0.3305,59811,1,180984,0.3305,0.0000,0.3325,51303,1,154304,0.3325,0.0000
297.54,0.9171,25497,0,60000,0.4249,0.9978,0.9260,14545,0,60000,0.2424,0.0101,0.3305,59811,1,180984,0.3305,0.0000,0.3325,51303,1,154304,0.3325,0.0000
298.04,0.9171,25497,0,60000,0.4249,0.9978,0.9942,10082,0,60000,0.1680,0.0000,0.2838,51358,1,180984,0.2838,0.0000,0.2775,42826,1,154304,0.2775,0.0000
298.54,0.9174,0,0,60000,0.0000,0.0000,0.9942,10082,0,60000,0.1680,0.0000,0.2838,51358,1,180984,0.2838,0.0000,0.2775,42826,1,154304,0.2775,0.0000
299.04,0.9174,0,0,60000,0.0000,0.0000,0.8700,14178,0,60000,0.2363,0.0099,0.2838,51358,1,180984,0.2838,0.0000,0.2775,42826,1,154304,0.2775,0.0000
299.54,0.9174,0,0,60000,0.0000,0.0000,0.9383,9768,0,60000,0.1628,0.0000,0.2838,51358,1,180984,0.2838,0.0000,0.2775,42826,1,154304,0.2775,0.0000
300.04,0.9174,0,0,60000,0.0000,0.0000,0.9109,13864,0,60000,0.2311,0.0099,0.2838,51358,1,180984,0.2838,0.0000,0.2775,42826,1,154304,0.2775,0.0000
300.54,0.9174,0,0,60000,0.0000,0.0000,0.9109,13864,0,60000,0.2311,0.0099,0.2838,51358,1,180984,0.2838,0.0000,0.2775,42826,1,154304,0.2775,0.0000
301.04,0.9175,8518,0,60000,0.1420,0.9958,0.9792,9509,0,60000,0.1585,0.0000,0.2838,51358,1,180984,0.2838,0.0000,0.2775,42826,1,154304,0.2775,0.0000
301.54,0.9175,8518,0,60000,0.1420,0.9958,0.8591,13605,0,60000,0.2268,0.0099,0.2838,51358,1,180984,0.2838,0.0000,0.2775,42826,1,154304,0.2775,0.0000
302.04,0.9175,8518,0,60000,0.1420,0.9958,0.8620,9133,0,60000,0.1522,0.0000,0.3314,59972,1,180984,0.3314,0.0000,0.2775,42826,1,154304,0.2775,0.0000
302.54,0.9175,8518,0,60000,0.1420,0.9958,0.8620,9133,0,60000,0.1522,0.0000,0.3314,59972,1,180984,0.3314,0.0000,0.2775,42826,1,154304,0.2775,0.0000
303.04,0.9175,8518,0,60000,0.1420,0.9958,0.7409,13229,0,60000,0.2205,0.0099,0.3314,59972,1,180984,0.3314,0.0000,0.2775,42826,1,154304,0.2775,0.0000
303.54,0.9175,8518,0,60000,0.1420,0.9958,0.8091,8801,0,60000,0.1467,0.0000,0.3314,59972,1,180984,0.3314,0.0000,0.2775,42820,1,154304,0.2775,0.0000
304.04,0.9175,8518,0,60000,0.1420,0.9958,0.7818,12897,0,60000,0.2150,0.0000,0.3314,59972,1,180984,0.3314,0.0000,0.2775,42820,1,154304,0.2775,0.0000
304.54,0.9175,8518,0,60000,0.1420,0.9958,0.8501,8457,0,60000,0.1409,0.0101,0.3314,59972,1,180984,0.3314,0.0000,0.2775,42820,1,154304,0.2775,0.0000
305.04,0.7095,8569,0,60000,0.1428,0.9977,0.8501,8457,0,60000,0.1409,0.0101,0.3314,59972,1,180984,0.3314,0.0000,0.2775,42820,1,154304,0.2775,0.0000
305.54,0.7095,8569,0,60000,0.1428,0.9977,0.9184,12553,0,60000,0.2092,0.0000,0.3314,59972,1,180984,0.3314,0.0000,0.2775,42820,1,154304,0.2775,0.0000
306.04,0.7095,8569,0,60000,0.1428,0.9977,0.9866,16650,0,60000,0.2775,0.0101,0.3314,59972,1,180984,0.3314,0.0000,0.2775,42820,1,154304,0.2775,0.0000
306.54,0.8522,8580,0,60000,0.1430,0.9977,0.9132,12279,0,60000,0.2046,0.0000,0.3314,59972,1,180984,0.3314,0.0000,0.2221,34274,1,154304,0.2221,0.0000
307.04,0.8522,8580,0,60000,0.1430,0.9977,0.9132,12279,0,60000,0.2046,0.0000,0.3314,59972,1,180984,0.3314,0.0000,0.2221,34274,1,154304,0.2221,0.0000
307.54,0.8522,8580,0,60000,0.1430,0.9977,0.9815,16375,0,60000,0.2729,0.0099,0.2842,51444,1,180984,0.2842,0.0000,0.2221,34274,1,154304,0.2221,0.0000
308.04,0.8522,8580,0,60000,0.1430,0.9977,0.9385,11925,0,60000,0.1988,0.0000,0.2842,51444,1,180984,0.2842,0.0000,0.2221,34274,1,154304,0.2221,0.0000
308.54,0.8522,8580,0,60000,0.1430,0.9977,0.9172,16021,0,60000,0.2670,0.0099,0.2842,51444,1,180984,0.2842,0.0000,0.2221,34274,1,154304,0.2221,0.0000
309.04,0.8522,8580,0,60000,0.1430,0.9977,0.9172,16021,0,60000,0.2670,0.0099,0.2842,51444,1,180984,0.2842,0.0000,0.2221,34274,1,154304,0.2221,0.0000
309.54,0.8525,41,0,60000,0.0007,0.0099,0.9855,11583,0,60000,0.1930,0.0000,0.2842,51444,1,180984,0.2842,0.0000,0.2221,34274,1,154304,0.2221,0.0000
310.04,0.9208,4137,0,60000,0.0689,0.0000,0.9855,15679,0,60000,0.2613,0.0099,0.2842,51444,1,180984,0.2842,0.0000,0.2221,34274,1,154304,0.2221,0.0000
310.54,0.9890,8233,0,60000,0.1372,0.0000,0.9232,11234,0,60000,0.1872,0.0000,0.2842,51444,1,180984,0.2842,0.0000,0.2221,34274,1,154304,0.2221,0.0000
311.05,0.9890,8233,0,60000,0.1372,0.0000,0.9915,15331,0,60000,0.2555,0.0101,0.2842,51444,1,180984,0.2842,0.0000,0.2221,34274,1,154304,0.2221,0.0000
311.55,0.9890,8233,0,60000,0.1372,0.0000,0.9915,15331,0,60000,0.2555,0.0101,0.2842,51444,1,180984,0.2842,0.0000,0.2221,34274,1,154304,0.2221,0.0000
312.05,0.9890,8233,0,60000,0.1372,0.0000,0.9696,10876,0,60000,0.1813,0.0000,0.1894,34275,1,180984,0.1894,0.0000,0.2221,34274,1,154304,0.2221,0.0000
312.55,0.9890,8233,0,60000,0.1372,0.0000,0.8230,14972,0,60000,0.2495,0.0099,0.1894,34275,1,180984,0.1894,0.0000,0.2221,34274,1,154304,0.2221,0.0000
313.05,0.9890,8233,0,60000,0.1372,0.0000,0.8913,10604,0,60000,0.1767,0.0000,0.1894,34275,1,180984,0.1894,0.0000,0.1108,17095,1,154304,0.1108,0.0000
313.55,0.9890,8233,0,60000,0.1372,0.0000,0.8913,10604,0,60000,0.1767,0.0000,0.1894,34275,1,180984,0.1894,0.0000,0.1108,17095,1,154304,0.1108,0.0000
314.05,0.9890,8233,0,60000,0.1372,0.0000,0.9596,14700,0,60000,0.2450,0.0101,0.1894,34275,1,180984,0.1894,0.0000,0.1108,17095,1,154304,0.1108,0.0000
314.55,0.9890,8233,0,60000,0.1372,0.0000,0.9491,10251,0,60000,0.1709,0.0000,0.1894,34275,1,180984,0.1894,0.0000,0.1108,17095,1,154304,0.1108,0.0000
315.05,0.9890,8233,0,60000,0.1372,0.0000,0.9317,14348,0,60000,0.2391,0.0101,0.1894,34275,1,180984,0.1894,0.0000,0.1108,17095,1,154304,0.1108,0.0000
315.55,0.9890,8233,0,60000,0.1372,0.0000,0.9317,14348,0,60000,0.2391,0.0101,0.1894,34275,1,180984,0.1894,0.0000,0.1108,17095,1,154304,0.1108,0.0000
316.05,0.9890,8233,0,60000,0.1372,0.0000,1.0000,9921,0,60000,0.1653,0.0000,0.1421,25714,1,180984,0.1421,0.0000,0.1108,17095,1,154304,0.1108,0.0000
316.55,0.9890,8233,0,60000,0.1372,0.0000,0.8519,22565,0,60000,0.3761,0.6782,0.1421,25714,1,180984,0.1421,0.0000,0.1108,17095,1,154304,0.1108,0.0000
317.05,0.9890,8233,0,60000,0.1372,0.0000,0.9202,18120,0,60000,0.3020,0.0000,0.1421,25714,1,180984,0.1421,0.0000,0.1108,17095,1,154304,0.1108,0.0000
317.55,0.9890,8233,0,60000,0.1372,0.0000,0.9202,18120,0,60000,0.3020,0.0000,0.1421,25714,1,180984,0.1421,0.0000,0.1108,17095,1,154304,0.1108,0.0000
318.05,0.9890,8233,0,60000,0.1372,0.0000,0.9884,30695,0,60000,0.5116,0.7125,0.1421,25714,1,180984,0.1421,0.0000,0.1108,17095,1,154304,0.1108,0.0000
318.55,0.9890,8233,0,60000,0.1372,0.0000,0.9884,30695,0,60000,0.5116,0.7125,0.1421,25714,1,180984,0.1421,0.0000,0.1108,17095,1,154304,0.1108,0.0000
319.05,0.7117,8579,0,60000,0.1430,0.9977,0.9884,30695,0,60000,0.5116,0.7125,0.1421,25714,1,180984,0.1421,0.0000,0.1108,17095,1,154304,0.1108,0.0000
319.55,0.7117,8579,0,60000,0.1430,0.9977,0.9884,30695,0,60000,0.5116,0.7125,0.1421,25714,1,180984,0.1421,0.0000,0.1108,17095,1,154304,0.1108,0.0000
320.05,0.7117,8579,0,60000,0.1430,0.9977,0.9884,30695,0,60000,0.5116,0.7125,0.0947,17146,1,180984,0.0947,0.0000,0.1108,17095,1,154304,0.1108,0.0000
320.55,0.8546,8598,0,60000,0.1433,0.9977,0.9884,30695,0,60000,0.5116,0.7125,0.0947,17146,1,180984,0.0947,0.0000,0.1108,17095,1,154304,0.1108,0.0000
321.05,0.8546,8598,0,60000,0.1433,0.9977,0.9884,30695,0,60000,0.5116,0.7125,0.0947,17146,1,180984,0.0947,0.0000,0.1115,17212,1,154304,0.1115,0.0000
321.55,0.8546,8598,0,60000,0.1433,0.9977,0.8134,8541,0,60000,0.1424,0.9975,0.0947,17146,1,180984,0.0947,0.0000,0.1115,17212,1,154304,0.1115,0.0000
322.05,0.8546,8598,0,60000,0.1433,0.9977,0.8134,8541,0,60000,0.1424,0.9975,0.0947,17146,1,180984,0.0947,0.0000,0.1115,17212,1,154304,0.1115,0.0000
322.55,0.8546,8598,0,60000,0.1433,0.9977,0.8134,8541,0,60000,0.1424,0.9975,0.0474,8576,1,180984,0.0474,0.0000,0.1115,17212,1,154304,0.1115,0.0000
323.05,0.8546,8598,0,60000,0.1433,0.9977,0.8134,8541,0,60000,0.1424,0.9975,0.0474,8576,1,180984,0.0474,0.0000,0.1115,17212,1,154304,0.1115,0.0000
323.55,0.8546,8598,0,60000,0.1433,0.9977,0.8134,8541,0,60000,0.1424,0.9975,0.0474,8576,1,180984,0.0474,0.0000,0.1115,17212,1,154304,0.1115,0.0000
324.05,0.9969,8556,0,60000,0.1426,0.9977,0.8134,8541,0,60000,0.1424,0.9975,0.0474,8576,1,180984,0.0474,0.0000,0.1115,17212,1,154304,0.1115,0.0000
324.55,0.9969,8556,0,60000,0.1426,0.9977,0.8134,8541,0,60000,0.1424,0.9975,0.0474,8576,1,180984,0.0474,0.0000,0.1115,17212,1,154304,0.1115,0.0000
325.05,0.9969,8556,0,60000,0.1426,0.9977,0.8134,8541,0,60000,0.1424,0.9975,0.0474,8576,1,180984,0.0474,0.0000,0.1115,17212,1,154304,0.1115,0.0000
325.55,0.9964,8577,0,60000,0.1429,0.9977,0.8134,8541,0,60000,0.1424,0.9975,0.0474,8576,1,180984,0.0474,0.0000,0.1115,17212,1,154304,0.1115,0.0000
326.05,0.9964,8577,0,60000,0.1429,0.9977,0.8134,8541,0,60000,0.1424,0.9975,0.0474,8576,1,180984,0.0474,0.0000,0.1115,17212,1,154304,0.1115,0.0000
326.55,0.9964,8577,0,60000,0.1429,0.9977,0.8134,8541,0,60000,0.1424,0.9975,0.0474,8576,1,180984,0.0474,0.0000,0.0558,8604,1,154304,0.0558,0.0000
