elapsed_s,gpu_hbm_mb,gpu0_hbm_mb,gpu1_hbm_mb,gpu2_hbm_mb,gpu3_hbm_mb,proc_rss_mb,proc_anon_mb,proc_pss_mb,proc_pss_anon_mb,proc_locked_mb,file_cache_mb,hicache_dir_mb,anonpages_mb,reclaimable_mb,nonreclaimable_mb,mem_used_mb,mem_avail_mb,mem_total_mb,rss_plus_cache_mb,n_pids
0.0,150934.0,30078.0,45564.0,29730.0,45562.0,67873.3,56084.6,15165.1,13164.5,0.0,20510.4,0.0,16073.5,22022.2,18942.7,42190.4,107097.5,128652.3,88383.7,148
1.2,151176.0,30318.0,45564.0,29732.0,45562.0,68031.3,56136.6,15321.2,13216.5,0.0,20510.4,0.0,16138.8,22022.6,19303.9,42551.9,106736.3,128652.3,88541.7,148
2.3,151176.0,30318.0,45564.0,29732.0,45562.0,68034.2,56139.3,15324.0,13219.2,0.0,20510.4,0.0,16147.3,22022.6,19132.8,42380.8,106907.4,128652.3,88544.7,148
3.3,151258.0,30270.0,45620.0,29732.0,45636.0,68043.4,56148.2,15332.9,13228.1,0.0,20510.5,0.0,16157.0,22022.2,19146.0,42393.6,106894.1,128652.3,88553.8,148
4.4,151276.0,30270.0,45638.0,29732.0,45636.0,68118.6,56151.2,15408.1,13231.1,0.0,20510.6,0.0,16160.7,22021.8,19634.1,42881.3,106406.1,128652.3,88629.2,148
5.6,151438.0,30324.0,45692.0,29732.0,45690.0,68119.2,56151.7,15408.6,13231.5,0.0,20510.6,0.0,16161.1,22021.5,19489.3,42736.2,106550.8,128652.3,88629.7,148
6.7,151456.0,30324.0,45692.0,29750.0,45690.0,68143.7,56172.7,15433.1,13252.6,0.0,20510.6,0.0,16181.1,22021.2,19326.5,42573.1,106713.7,128652.3,88654.2,148
7.8,151494.0,30324.0,45694.0,29786.0,45690.0,68149.6,56178.5,15438.9,13258.4,0.0,20510.6,0.0,16188.3,22020.9,19262.0,42508.4,106778.2,128652.3,88660.2,148
8.9,151494.0,30324.0,45694.0,29786.0,45690.0,68209.9,56231.5,15492.2,13311.4,0.0,20510.6,0.0,16238.7,22021.2,19314.6,42561.3,106725.5,128652.3,88720.6,148
10.1,151494.0,30324.0,45694.0,29786.0,45690.0,68215.5,56237.0,15497.7,13316.9,0.0,20510.7,0.0,16248.5,22021.3,19562.0,42808.7,106478.1,128652.3,88726.2,148
11.2,151496.0,30324.0,45694.0,29786.0,45692.0,68216.1,56237.4,15498.2,13317.3,0.0,20510.7,0.0,16249.4,22021.2,19664.8,42911.4,106375.4,128652.3,88726.8,148
12.3,151496.0,30324.0,45694.0,29786.0,45692.0,68221.0,56238.3,15503.0,13318.2,0.0,20510.7,0.0,16250.2,22021.3,19333.0,42579.7,106707.2,128652.3,88731.7,148
13.3,151500.0,30324.0,45696.0,29788.0,45692.0,68237.4,56251.3,15516.0,13331.2,0.0,20510.8,0.0,16251.2,22021.3,19344.5,42591.2,106695.7,128652.3,88748.2,148
14.4,151518.0,30324.0,45696.0,29788.0,45710.0,68242.1,56256.1,15520.7,13335.9,0.0,20510.9,0.0,16264.7,22021.5,19427.8,42674.8,106612.4,128652.3,88753.0,148
15.4,151518.0,30324.0,45696.0,29788.0,45710.0,68245.0,56258.9,15523.6,13338.8,0.0,20510.9,0.0,16271.4,22021.4,19781.8,43028.7,106258.3,128652.3,88755.9,148
16.5,151518.0,30324.0,45696.0,29788.0,45710.0,68245.2,56259.1,15523.8,13339.0,0.0,20510.9,0.0,16271.5,22021.7,19562.6,42809.7,106477.5,128652.3,88756.1,148
17.6,151538.0,30324.0,45714.0,29788.0,45712.0,68245.4,56259.3,15524.0,13339.2,0.0,20510.9,0.0,16271.8,22021.7,19379.2,42626.4,106660.9,128652.3,88756.3,148
18.7,151538.0,30324.0,45714.0,29788.0,45712.0,68250.7,56264.6,15529.2,13344.5,0.0,20510.9,0.0,16280.4,22021.9,19815.9,43063.2,106224.3,128652.3,88761.6,148
19.9,151538.0,30324.0,45714.0,29788.0,45712.0,68250.8,56264.7,15529.3,13344.6,0.0,20511.0,0.0,16280.6,22021.6,19400.9,42648.0,106639.2,128652.3,88761.7,148
21.1,151540.0,30324.0,45714.0,29788.0,45714.0,68255.0,56265.5,15531.0,13345.4,0.0,20511.3,0.0,16280.9,22021.8,19399.1,42646.3,106641.1,128652.3,88766.3,148
22.3,151542.0,30326.0,45714.0,29788.0,45714.0,68260.2,56270.6,15535.2,13350.5,0.0,20511.3,0.0,16286.3,22021.6,19401.3,42648.4,106638.8,128652.3,88771.6,148
23.3,151542.0,30326.0,45714.0,29788.0,45714.0,68267.3,56277.6,15542.3,13357.5,0.0,20511.3,0.0,16293.7,22022.6,19862.0,43110.1,106178.1,128652.3,88778.6,148
24.5,151542.0,30326.0,45714.0,29788.0,45714.0,68269.2,56279.5,15544.1,13359.4,0.0,20511.3,0.0,16295.8,22021.9,19407.2,42654.6,106632.9,128652.3,88780.5,148
25.7,151542.0,30326.0,45714.0,29788.0,45714.0,68269.2,56279.5,15544.2,13359.4,0.0,20511.4,0.0,16296.2,22022.0,19410.9,42658.4,106629.2,128652.3,88780.5,148
26.8,151542.0,30326.0,45714.0,29788.0,45714.0,68273.8,56284.1,15548.8,13364.0,0.0,20511.4,0.0,16296.7,22021.7,19408.6,42655.7,106631.6,128652.3,88785.2,148
28.0,151542.0,30326.0,45714.0,29788.0,45714.0,68273.8,56284.1,15548.8,13364.0,0.0,20511.5,0.0,16301.3,22022.8,19408.8,42657.1,106631.3,128652.3,88785.3,148
29.2,151542.0,30326.0,45714.0,29788.0,45714.0,68275.3,56285.6,15550.3,13365.5,0.0,20511.5,0.0,16302.5,22022.5,19408.9,42656.9,106631.2,128652.3,88786.8,148
30.4,151542.0,30326.0,45714.0,29788.0,45714.0,68289.9,56300.3,15564.9,13380.2,0.0,20511.5,0.0,16309.0,22022.3,19453.2,42700.9,106586.9,128652.3,88801.5,148
31.6,151542.0,30326.0,45714.0,29788.0,45714.0,68295.3,56305.6,15570.2,13385.5,0.0,20511.5,0.0,16323.7,22021.5,19438.0,42684.9,106602.1,128652.3,88806.8,148
32.9,151542.0,30326.0,45714.0,29788.0,45714.0,68295.6,56305.9,15570.6,13385.8,0.0,20511.5,0.0,16323.7,22022.1,19448.7,42696.2,106591.5,128652.3,88807.1,148
34.2,151544.0,30326.0,45714.0,29788.0,45716.0,68300.3,56310.6,15575.3,13390.5,0.0,20511.5,0.0,16327.9,22023.2,19453.3,42701.9,106586.8,128652.3,88811.8,148
35.3,151544.0,30326.0,45714.0,29788.0,45716.0,68301.6,56311.9,15576.6,13391.8,0.0,20511.5,0.0,16328.9,22022.7,19686.4,42934.6,106353.7,128652.3,88813.1,148
36.6,151544.0,30326.0,45714.0,29788.0,45716.0,68302.1,56312.4,15577.1,13392.3,0.0,20511.6,0.0,16330.2,22022.7,19486.7,42734.9,106553.4,128652.3,88813.6,148
37.8,151546.0,30326.0,45716.0,29788.0,45716.0,68305.7,56316.0,15580.6,13395.9,0.0,20511.6,0.0,16333.8,22022.8,19453.1,42701.4,106587.0,128652.3,88817.2,148
39.1,151546.0,30326.0,45716.0,29788.0,45716.0,68306.0,56316.3,15581.0,13396.2,0.0,20511.6,0.0,16335.2,22023.2,19708.3,42957.0,106331.9,128652.3,88817.6,148
40.2,151546.0,30326.0,45716.0,29788.0,45716.0,68306.1,56316.5,15581.1,13396.4,0.0,20511.6,0.0,16335.3,22023.1,19456.3,42704.8,106583.8,128652.3,88817.7,148
41.3,151546.0,30326.0,45716.0,29788.0,45716.0,68306.2,56316.5,15581.1,13396.4,0.0,20511.6,0.0,16335.5,22022.6,19452.1,42700.2,106588.0,128652.3,88817.8,148
42.4,151546.0,30326.0,45716.0,29788.0,45716.0,68309.8,56320.2,15584.8,13400.0,0.0,20511.6,0.0,16339.1,22022.1,19469.8,42717.4,106570.3,128652.3,88821.4,148
43.4,151548.0,30326.0,45716.0,29790.0,45716.0,68310.0,56320.3,15585.0,13400.2,0.0,20511.6,0.0,16339.3,22022.3,19468.5,42716.2,106571.7,128652.3,88821.6,148
44.6,151548.0,30326.0,45716.0,29790.0,45716.0,68311.6,56321.9,15586.6,13401.8,0.0,20511.7,0.0,16341.1,22022.9,19644.6,42893.0,106395.5,128652.3,88823.3,148
45.7,151548.0,30326.0,45716.0,29790.0,45716.0,68320.2,56330.5,15595.2,13410.4,0.0,20511.8,0.0,16349.6,22023.2,20029.3,43277.9,106010.9,128652.3,88831.9,148
46.7,151548.0,30326.0,45716.0,29790.0,45716.0,68320.6,56330.9,15595.6,13410.8,0.0,20511.8,0.0,16350.0,22023.0,19616.8,42865.2,106423.3,128652.3,88832.3,148
47.8,151548.0,30326.0,45716.0,29790.0,45716.0,68320.6,56330.9,15595.6,13410.8,0.0,20511.8,0.0,16350.0,22022.9,19482.7,42731.1,106557.4,128652.3,88832.3,148
48.9,151548.0,30326.0,45716.0,29790.0,45716.0,68331.5,56341.8,15606.5,13421.7,0.0,20511.8,0.0,16358.0,22022.8,19486.5,42734.8,106553.6,128652.3,88843.3,148
50.0,151548.0,30326.0,45716.0,29790.0,45716.0,68334.2,56344.6,15609.2,13424.5,0.0,20511.8,0.0,16360.4,22024.6,19833.8,43083.9,106206.3,128652.3,88846.0,148
51.1,151548.0,30326.0,45716.0,29790.0,45716.0,68334.5,56344.8,15609.5,13424.7,0.0,20511.8,0.0,16360.7,22023.8,19530.6,42779.9,106509.5,128652.3,88846.3,148
52.2,151548.0,30326.0,45716.0,29790.0,45716.0,68339.0,56349.4,15614.1,13429.3,0.0,20511.8,0.0,16365.8,22023.5,19479.3,42728.3,106560.8,128652.3,88850.9,148
53.3,151548.0,30326.0,45716.0,29790.0,45716.0,68339.0,56349.4,15614.1,13429.3,0.0,20511.8,0.0,16365.3,22023.6,19495.3,42744.4,106544.8,128652.3,88850.9,148
54.4,151548.0,30326.0,45716.0,29790.0,45716.0,68339.5,56349.8,15614.5,13429.7,0.0,20511.8,0.0,16366.4,22024.1,19667.8,42917.4,106372.3,128652.3,88851.3,148
55.5,151548.0,30326.0,45716.0,29790.0,45716.0,68341.4,56351.8,15616.4,13431.7,0.0,20511.8,0.0,16368.1,22023.4,19547.1,42796.0,106493.0,128652.3,88853.2,148
56.6,151548.0,30326.0,45716.0,29790.0,45716.0,68341.4,56351.8,15616.4,13431.7,0.0,20511.9,0.0,16367.9,22023.3,19493.8,42742.6,106546.3,128652.3,88853.4,148
57.7,151548.0,30326.0,45716.0,29790.0,45716.0,68341.4,56351.8,15616.4,13431.7,0.0,20512.0,0.0,16367.9,22023.4,19486.1,42735.0,106554.0,128652.3,88853.4,148
59.1,151548.0,30326.0,45716.0,29790.0,45716.0,68341.4,56351.8,15616.4,13431.7,0.0,20512.0,0.0,16368.3,22024.2,19480.7,42730.4,106559.4,128652.3,88853.4,148
60.3,151548.0,30326.0,45716.0,29790.0,45716.0,68341.4,56351.8,15616.5,13431.7,0.0,20512.0,0.0,16368.0,22024.4,19489.0,42738.9,106551.1,128652.3,88853.5,148
61.5,151548.0,30326.0,45716.0,29790.0,45716.0,68342.0,56352.4,15617.1,13432.3,0.0,20512.0,0.0,16368.2,22025.3,19490.5,42741.3,106549.6,128652.3,88854.1,148
62.9,151548.0,30326.0,45716.0,29790.0,45716.0,68349.4,56359.7,15624.4,13439.6,0.0,20512.0,0.0,16376.0,22025.7,19495.0,42746.2,106545.1,128652.3,88861.4,148
63.9,151548.0,30326.0,45716.0,29790.0,45716.0,68349.6,56359.9,15624.6,13439.8,0.0,20512.2,0.0,16376.2,22025.3,19626.7,42877.5,106413.4,128652.3,88861.7,148
65.0,151548.0,30326.0,45716.0,29790.0,45716.0,68358.3,56368.6,15633.3,13448.5,0.0,20512.2,0.0,16385.0,22025.3,19513.0,42763.8,106527.1,128652.3,88870.5,148
66.1,151548.0,30326.0,45716.0,29790.0,45716.0,68358.4,56368.7,15633.4,13448.6,0.0,20512.2,0.0,16385.2,22025.0,19502.2,42752.7,106537.9,128652.3,88870.6,148
67.1,151548.0,30326.0,45716.0,29790.0,45716.0,68358.5,56368.8,15633.5,13448.7,0.0,20512.2,0.0,16385.4,22024.5,19500.4,42750.4,106539.7,128652.3,88870.7,148
68.2,151548.0,30326.0,45716.0,29790.0,45716.0,68365.0,56375.4,15640.0,13455.2,0.0,20512.2,0.0,16392.0,22025.2,19502.7,42753.4,106537.4,128652.3,88877.2,148
69.3,151548.0,30326.0,45716.0,29790.0,45716.0,68365.3,56375.6,15640.3,13455.5,0.0,20512.3,0.0,16395.8,22025.8,19517.8,42769.1,106522.2,128652.3,88877.5,148
70.4,151548.0,30326.0,45716.0,29790.0,45716.0,68371.1,56381.5,15646.1,13461.4,0.0,20512.3,0.0,16417.5,22024.5,19551.2,42801.2,106488.9,128652.3,88883.4,148
71.4,151548.0,30326.0,45716.0,29790.0,45716.0,68354.6,56364.9,15629.6,13444.8,0.0,20512.3,0.0,16385.6,22024.1,19503.5,42753.0,106536.6,128652.3,88866.9,148
72.4,151548.0,30326.0,45716.0,29790.0,45716.0,68354.6,56365.0,15629.6,13444.9,0.0,20512.3,0.0,16385.2,22023.8,19501.8,42751.1,106538.3,128652.3,88867.0,148
73.4,151548.0,30326.0,45716.0,29790.0,45716.0,68363.8,56374.2,15638.8,13454.1,0.0,20512.3,0.0,16402.9,22025.3,19514.1,42764.9,106526.0,128652.3,88876.2,148
74.6,151548.0,30326.0,45716.0,29790.0,45716.0,68364.1,56374.5,15639.1,13454.4,0.0,20512.3,0.0,16394.8,22025.4,20153.9,43404.8,105886.2,128652.3,88876.4,148
75.8,151548.0,30326.0,45716.0,29790.0,45716.0,68364.2,56374.5,15639.1,13454.4,0.0,20512.3,0.0,16394.8,22024.3,19507.7,42757.6,106532.3,128652.3,88876.5,148
76.8,151548.0,30326.0,45716.0,29790.0,45716.0,68364.2,56374.5,15639.1,13454.4,0.0,20512.3,0.0,16394.8,22025.2,19508.1,42758.8,106532.0,128652.3,88876.5,148
77.9,151548.0,30326.0,45716.0,29790.0,45716.0,68364.2,56374.5,15639.1,13454.4,0.0,20512.3,0.0,16394.9,22024.7,19513.1,42763.2,106527.0,128652.3,88876.5,148
79.0,151548.0,30326.0,45716.0,29790.0,45716.0,68334.5,56344.8,15609.5,13424.7,0.0,20512.3,0.0,16351.4,22025.7,19676.0,42927.2,106364.1,128652.3,88846.8,148
80.1,151548.0,30326.0,45716.0,29790.0,45716.0,68340.7,56351.1,15615.7,13430.9,0.0,20512.3,0.0,16369.4,22025.1,19494.0,42744.6,106546.1,128652.3,88853.0,148
81.1,151548.0,30326.0,45716.0,29790.0,45716.0,68341.4,56351.7,15616.4,13431.6,0.0,20512.7,0.0,16370.2,22026.1,19492.5,42744.1,106547.6,128652.3,88854.0,148
82.1,151548.0,30326.0,45716.0,29790.0,45716.0,68369.2,56379.5,15644.2,13459.4,0.0,20512.7,0.0,16398.2,22026.0,19518.6,42770.0,106521.5,128652.3,88881.8,148
83.2,151548.0,30326.0,45716.0,29790.0,45716.0,68369.2,56379.5,15644.2,13459.4,0.0,20512.7,0.0,16398.1,22025.8,19517.7,42769.1,106522.3,128652.3,88881.8,148
84.3,151548.0,30326.0,45716.0,29790.0,45716.0,68369.2,56379.5,15644.2,13459.4,0.0,20512.7,0.0,16398.3,22026.8,19514.1,42766.4,106526.0,128652.3,88881.9,148
85.4,151548.0,30326.0,45716.0,29790.0,45716.0,68369.4,56379.8,15644.4,13459.7,0.0,20512.7,0.0,16398.5,22025.7,19545.7,42796.9,106494.4,128652.3,88882.1,148
86.5,151548.0,30326.0,45716.0,29790.0,45716.0,68369.4,56379.8,15644.4,13459.7,0.0,20512.7,0.0,16398.6,22025.9,19521.6,42773.0,106518.5,128652.3,88882.1,148
87.6,151548.0,30326.0,45716.0,29790.0,45716.0,68377.5,56387.8,15652.5,13467.7,0.0,20512.7,0.0,16398.6,22025.8,19523.8,42775.1,106516.3,128652.3,88890.2,148
88.7,151548.0,30326.0,45716.0,29790.0,45716.0,68369.6,56380.0,15644.6,13459.9,0.0,20512.7,0.0,16401.0,22025.9,19530.3,42781.7,106509.8,128652.3,88882.4,148
89.8,151548.0,30326.0,45716.0,29790.0,45716.0,68369.6,56380.0,15644.6,13459.9,0.0,20512.8,0.0,16401.6,22026.7,19607.8,42860.0,106432.3,128652.3,88882.4,148
90.8,151548.0,30326.0,45716.0,29790.0,45716.0,68369.6,56380.0,15644.6,13459.9,0.0,20512.8,0.0,16401.6,22026.1,19514.2,42765.8,106525.9,128652.3,88882.4,148
91.9,151550.0,30328.0,45716.0,29790.0,45716.0,68369.6,56380.0,15644.6,13459.9,0.0,20512.8,0.0,16401.6,22025.5,19532.8,42783.9,106507.2,128652.3,88882.4,148
93.0,151550.0,30328.0,45716.0,29790.0,45716.0,68369.6,56380.0,15644.6,13459.9,0.0,20512.8,0.0,16401.6,22025.4,19529.6,42780.5,106510.4,128652.3,88882.4,148
94.0,151550.0,30328.0,45716.0,29790.0,45716.0,68372.3,56382.6,15647.2,13462.5,0.0,20512.9,0.0,16399.8,22025.7,19526.9,42778.1,106513.2,128652.3,88885.2,148
95.2,151550.0,30328.0,45716.0,29790.0,45716.0,68369.6,56380.0,15644.6,13459.9,0.0,20512.9,0.0,16400.1,22025.5,19599.7,42850.8,106440.3,128652.3,88882.5,148
96.3,151550.0,30328.0,45716.0,29790.0,45716.0,68369.6,56380.0,15644.6,13459.9,0.0,20512.9,0.0,16401.7,22024.6,19522.3,42772.4,106517.8,128652.3,88882.6,148
97.3,151550.0,30328.0,45716.0,29790.0,45716.0,68369.6,56380.0,15644.6,13459.9,0.0,20512.9,0.0,16402.3,22024.4,19523.0,42772.9,106517.1,128652.3,88882.6,148
98.3,151550.0,30328.0,45716.0,29790.0,45716.0,68369.6,56380.0,15644.6,13459.9,0.0,20512.9,0.0,16401.8,22025.0,19517.8,42768.3,106522.3,128652.3,88882.6,148
99.4,151550.0,30328.0,45716.0,29790.0,45716.0,68369.6,56380.0,15644.7,13459.9,0.0,20512.9,0.0,16400.0,22025.1,19520.5,42771.2,106519.5,128652.3,88882.6,148
100.6,151550.0,30328.0,45716.0,29790.0,45716.0,68370.3,56380.7,15645.3,13460.5,0.0,20513.0,0.0,16396.4,22024.5,19573.1,42823.2,106466.9,128652.3,88883.3,148
101.7,151550.0,30328.0,45716.0,29790.0,45716.0,68379.7,56390.0,15654.7,13469.9,0.0,20513.0,0.0,16396.7,22025.0,19503.6,42754.1,106536.4,128652.3,88892.7,148
103.0,151550.0,30328.0,45716.0,29790.0,45716.0,68370.4,56380.7,15645.4,13460.6,0.0,20513.0,0.0,16396.7,22026.5,19519.3,42771.3,106520.8,128652.3,88883.4,148
104.2,151550.0,30328.0,45716.0,29790.0,45716.0,68382.1,56392.4,15657.1,13472.3,0.0,20513.0,0.0,16408.2,22025.6,19530.0,42781.1,106510.0,128652.3,88895.1,148
105.3,151550.0,30328.0,45716.0,29790.0,45716.0,68387.3,56397.7,15662.3,13477.6,0.0,20513.1,0.0,16413.8,22027.3,19540.2,42793.1,106499.9,128652.3,88900.4,148
106.5,151550.0,30328.0,45716.0,29790.0,45716.0,68387.3,56397.7,15662.3,13477.6,0.0,20513.1,0.0,16413.9,22026.9,19529.6,42782.0,106510.4,128652.3,88900.4,148
107.6,151550.0,30328.0,45716.0,29790.0,45716.0,68387.3,56397.7,15662.3,13477.6,0.0,20513.1,0.0,16413.8,22026.8,19816.8,43069.1,106223.2,128652.3,88900.4,148
108.7,151550.0,30328.0,45716.0,29790.0,45716.0,68387.3,56397.7,15662.4,13477.6,0.0,20513.1,0.0,16414.5,22025.9,19536.3,42787.8,106503.7,128652.3,88900.5,148
109.7,151550.0,30328.0,45716.0,29790.0,45716.0,68387.3,56397.7,15662.4,13477.6,0.0,20513.1,0.0,16414.5,22027.5,19534.2,42787.2,106505.9,128652.3,88900.5,148
110.8,151550.0,30328.0,45716.0,29790.0,45716.0,68373.3,56383.6,15648.3,13463.5,0.0,20513.1,0.0,16392.4,22027.5,19514.4,42767.5,106525.7,128652.3,88886.4,148
111.9,151550.0,30328.0,45716.0,29790.0,45716.0,68396.9,56407.2,15671.9,13487.1,0.0,20513.1,0.0,16424.0,22026.9,19548.1,42800.6,106491.9,128652.3,88910.0,148
113.0,151550.0,30328.0,45716.0,29790.0,45716.0,68400.7,56411.0,15675.7,13490.9,0.0,20513.1,0.0,16427.9,22027.3,19543.4,42796.2,106496.7,128652.3,88913.8,148
114.2,151550.0,30328.0,45716.0,29790.0,45716.0,68367.5,56377.9,15642.5,13457.8,0.0,20513.1,0.0,16394.5,22026.7,19596.5,42848.8,106443.5,128652.3,88880.7,148
115.4,151550.0,30328.0,45716.0,29790.0,45716.0,68382.0,56392.4,15657.0,13472.3,0.0,20513.3,0.0,16409.2,22026.3,19584.9,42836.7,106455.1,128652.3,88895.3,148
116.5,151550.0,30328.0,45716.0,29790.0,45716.0,68385.4,56395.7,15660.4,13475.6,0.0,20513.3,0.0,16412.6,22026.5,19981.9,43233.9,106058.2,128652.3,88898.7,148
117.6,151550.0,30328.0,45716.0,29790.0,45716.0,68404.6,56414.9,15679.6,13494.8,0.0,20513.3,0.0,16412.6,22026.9,19690.8,42943.3,106349.2,128652.3,88917.9,148
118.8,151550.0,30328.0,45716.0,29790.0,45716.0,68404.6,56414.9,15679.6,13494.8,0.0,20513.3,0.0,16432.0,22026.3,19911.9,43163.7,106128.2,128652.3,88917.9,148
120.0,151550.0,30328.0,45716.0,29790.0,45716.0,68404.6,56415.0,15679.6,13494.8,0.0,20513.4,0.0,16433.6,22027.1,19560.6,42813.2,106479.4,128652.3,88918.0,148
121.2,151550.0,30328.0,45716.0,29790.0,45716.0,68405.7,56416.1,15680.7,13496.0,0.0,20513.5,0.0,16436.7,22026.3,19553.4,42805.3,106486.6,128652.3,88919.2,148
122.4,151550.0,30328.0,45716.0,29790.0,45716.0,68405.9,56416.2,15680.9,13496.1,0.0,20513.5,0.0,16436.3,22026.9,20032.9,43285.4,106007.1,128652.3,88919.4,148
123.6,151550.0,30328.0,45716.0,29790.0,45716.0,68356.5,56366.8,15631.5,13446.7,0.0,20513.5,0.0,16387.2,22027.1,20281.9,43534.6,105758.1,128652.3,88870.0,148
124.8,151550.0,30328.0,45716.0,29790.0,45716.0,68396.2,56406.6,15671.2,13486.5,0.0,20513.5,0.0,16426.7,22027.4,19911.7,43164.6,106128.4,128652.3,88909.8,148
126.0,151550.0,30328.0,45716.0,29790.0,45716.0,68424.2,56434.6,15699.2,13514.5,0.0,20513.5,0.0,16453.4,22026.9,19577.6,42830.1,106462.4,128652.3,88937.7,148
127.2,151550.0,30328.0,45716.0,29790.0,45716.0,68416.0,56426.3,15690.9,13506.2,0.0,20513.5,0.0,16445.1,22026.7,19565.8,42818.1,106474.2,128652.3,88929.5,148
128.4,151550.0,30328.0,45716.0,29790.0,45716.0,68416.0,56426.4,15691.0,13506.3,0.0,20513.6,0.0,16447.1,22027.0,19581.6,42834.2,106458.4,128652.3,88929.6,148
129.7,151550.0,30328.0,45716.0,29790.0,45716.0,68416.2,56426.6,15691.2,13506.5,0.0,20513.7,0.0,16447.3,22027.0,19570.9,42823.5,106469.1,128652.3,88930.0,148
130.7,151550.0,30328.0,45716.0,29790.0,45716.0,68416.3,56426.6,15691.3,13506.5,0.0,20513.7,0.0,16447.3,22026.6,19565.7,42817.9,106474.3,128652.3,88930.0,148
131.8,151550.0,30328.0,45716.0,29790.0,45716.0,68416.3,56426.6,15691.3,13506.5,0.0,20513.7,0.0,16447.5,22027.0,19818.7,43071.2,106221.3,128652.3,88930.0,148
132.9,151550.0,30328.0,45716.0,29790.0,45716.0,68416.3,56426.6,15691.3,13506.5,0.0,20513.7,0.0,16447.5,22026.0,19558.7,42810.2,106481.4,128652.3,88930.0,148
133.9,151550.0,30328.0,45716.0,29790.0,45716.0,68416.3,56426.6,15691.3,13506.5,0.0,20513.7,0.0,16446.0,22025.9,19557.0,42808.5,106483.0,128652.3,88930.0,148
135.1,151550.0,30328.0,45716.0,29790.0,45716.0,68416.3,56426.7,15691.3,13506.6,0.0,20513.8,0.0,16446.0,22027.5,19884.1,43137.2,106155.9,128652.3,88930.1,148
136.3,151550.0,30328.0,45716.0,29790.0,45716.0,68422.6,56433.0,15697.6,13512.8,0.0,20513.8,0.0,16452.8,22027.6,19651.6,42904.7,106388.4,128652.3,88936.4,148
137.4,151550.0,30328.0,45716.0,29790.0,45716.0,68422.7,56433.0,15697.7,13512.9,0.0,20513.8,0.0,16452.9,22028.1,19570.3,42824.0,106469.7,128652.3,88936.5,148
138.5,151550.0,30328.0,45716.0,29790.0,45716.0,68375.6,56386.0,15650.6,13465.8,0.0,20513.8,0.0,16403.0,22026.8,19521.3,42773.7,106518.7,128652.3,88889.4,148
139.6,151550.0,30328.0,45716.0,29790.0,45716.0,68414.0,56424.4,15689.0,13504.2,0.0,20513.8,0.0,16444.7,22028.5,19953.3,43207.4,106086.7,128652.3,88927.8,148
140.7,151550.0,30328.0,45716.0,29790.0,45716.0,68403.6,56413.9,15678.5,13493.8,0.0,20513.9,0.0,16433.9,22027.7,19548.0,42801.2,106492.0,128652.3,88917.4,148
141.9,151550.0,30328.0,45716.0,29790.0,45716.0,68403.7,56414.1,15678.7,13494.0,0.0,20513.9,0.0,16434.0,22027.1,19546.4,42799.1,106493.6,128652.3,88917.6,148
142.9,151550.0,30328.0,45716.0,29790.0,45716.0,68403.7,56414.1,15678.7,13494.0,0.0,20513.9,0.0,16434.2,22027.0,19548.6,42801.1,106491.4,128652.3,88917.6,148
144.0,151550.0,30328.0,45716.0,29790.0,45716.0,68403.8,56414.1,15678.7,13494.0,0.0,20513.9,0.0,16434.3,22027.1,19569.3,42822.0,106470.7,128652.3,88917.7,148
145.1,151550.0,30328.0,45716.0,29790.0,45716.0,68405.8,56416.2,15680.8,13496.1,0.0,20514.0,0.0,16434.3,22026.2,19548.7,42800.5,106491.3,128652.3,88919.8,148
146.1,151550.0,30328.0,45716.0,29790.0,45716.0,68375.1,56385.4,15650.1,13465.3,0.0,20514.0,0.0,16401.6,22026.5,19516.9,42769.0,106523.1,128652.3,88889.0,148
147.1,151550.0,30328.0,45716.0,29790.0,45716.0,68381.4,56391.7,15656.3,13471.6,0.0,20514.0,0.0,16412.4,22026.5,19525.8,42777.9,106514.2,128652.3,88895.3,148
148.3,151550.0,30328.0,45716.0,29790.0,45716.0,68402.5,56412.9,15677.5,13492.8,0.0,20514.1,0.0,16433.0,22027.0,19552.3,42804.8,106487.7,128652.3,88916.6,148
149.4,151550.0,30328.0,45716.0,29790.0,45716.0,68410.7,56421.1,15685.7,13501.0,0.0,20514.1,0.0,16433.1,22028.7,19548.1,42802.4,106491.9,128652.3,88924.8,148
150.6,151550.0,30328.0,45716.0,29790.0,45716.0,68410.7,56421.1,15685.7,13501.0,0.0,20514.1,0.0,16438.1,22028.0,19643.6,42897.1,106396.4,128652.3,88924.8,148
151.7,151550.0,30328.0,45716.0,29790.0,45716.0,68410.7,56421.1,15685.7,13501.0,0.0,20514.1,0.0,16438.0,22027.1,19718.0,42970.7,106322.0,128652.3,88924.9,148
152.9,151550.0,30328.0,45716.0,29790.0,45716.0,68410.8,56421.2,15685.8,13501.1,0.0,20514.2,0.0,16438.1,22030.2,19562.5,42818.3,106477.5,128652.3,88925.0,148
153.9,151552.0,30328.0,45716.0,29792.0,45716.0,68402.8,56413.1,15677.8,13493.0,0.0,20514.3,0.0,16429.8,22028.2,19552.2,42806.1,106487.7,128652.3,88917.1,148
155.0,151552.0,30328.0,45716.0,29792.0,45716.0,68402.9,56413.2,15677.9,13493.1,0.0,20514.3,0.0,16430.1,22028.3,19566.4,42820.4,106473.5,128652.3,88917.2,148
156.1,151552.0,30328.0,45716.0,29792.0,45716.0,68402.9,56413.2,15677.9,13493.1,0.0,20514.3,0.0,16430.2,22028.0,19894.0,43147.6,106146.0,128652.3,88917.2,148
157.3,151552.0,30328.0,45716.0,29792.0,45716.0,68406.6,56416.9,15681.6,13496.8,0.0,20514.3,0.0,16433.9,22027.9,20305.1,43558.6,105734.9,128652.3,88920.9,148
158.4,151552.0,30328.0,45716.0,29792.0,45716.0,68406.6,56416.9,15681.6,13496.8,0.0,20514.3,0.0,16434.4,22028.0,19852.0,43105.6,106188.0,128652.3,88920.9,148
159.5,151552.0,30328.0,45716.0,29792.0,45716.0,68406.6,56416.9,15681.6,13496.8,0.0,20514.3,0.0,16434.0,22028.7,19553.7,42808.0,106486.3,128652.3,88920.9,148
160.6,151552.0,30328.0,45716.0,29792.0,45716.0,68407.0,56417.4,15682.0,13497.2,0.0,20514.3,0.0,16434.5,22027.5,19560.0,42813.2,106479.9,128652.3,88921.3,148
161.8,151552.0,30328.0,45716.0,29792.0,45716.0,68407.0,56417.4,15682.0,13497.3,0.0,20514.3,0.0,16434.5,22027.9,19541.9,42795.4,106498.0,128652.3,88921.3,148
163.0,151552.0,30328.0,45716.0,29792.0,45716.0,68366.3,56376.6,15641.3,13456.5,0.0,20514.3,0.0,16393.9,22029.0,19511.5,42766.1,106528.4,128652.3,88880.6,148
164.1,151552.0,30328.0,45716.0,29792.0,45716.0,68383.2,56393.5,15658.2,13473.4,0.0,20514.3,0.0,16410.0,22028.5,19528.6,42782.7,106511.4,128652.3,88897.5,148
165.2,151552.0,30328.0,45716.0,29792.0,45716.0,68399.4,56409.7,15674.4,13489.6,0.0,20514.4,0.0,16426.8,22028.8,19565.2,42819.6,106474.8,128652.3,88913.8,148
166.2,151552.0,30328.0,45716.0,29792.0,45716.0,68399.4,56409.7,15674.4,13489.6,0.0,20514.4,0.0,16426.8,22027.8,19542.6,42796.0,106497.4,128652.3,88913.8,148
167.3,151552.0,30328.0,45716.0,29792.0,45716.0,68413.7,56424.0,15688.7,13503.9,0.0,20514.5,0.0,16431.4,22029.0,19585.4,42840.0,106454.6,128652.3,88928.1,148
168.5,151552.0,30328.0,45716.0,29792.0,45716.0,68413.7,56424.0,15688.7,13503.9,0.0,20514.5,0.0,16441.1,22029.0,19570.9,42825.5,106469.1,128652.3,88928.1,148
169.6,151552.0,30328.0,45716.0,29792.0,45716.0,68385.7,56396.0,15660.7,13475.9,0.0,20514.5,0.0,16393.4,22028.3,19519.7,42773.6,106520.3,128652.3,88900.2,148
170.7,151552.0,30328.0,45716.0,29792.0,45716.0,68385.7,56396.0,15660.7,13475.9,0.0,20514.5,0.0,16415.7,22029.0,19538.0,42792.6,106502.0,128652.3,88900.2,148
171.9,151552.0,30328.0,45716.0,29792.0,45716.0,68421.0,56431.3,15696.0,13511.2,0.0,20514.6,0.0,16463.6,22029.7,19591.4,42846.7,106448.6,128652.3,88935.6,148
173.1,151552.0,30328.0,45716.0,29792.0,45716.0,68378.2,56388.5,15653.1,13468.4,0.0,20514.6,0.0,16408.1,22028.8,19536.8,42791.3,106503.2,128652.3,88892.7,148
174.4,151552.0,30328.0,45716.0,29792.0,45716.0,68427.8,56438.2,15702.8,13518.0,0.0,20514.6,0.0,16458.5,22029.3,19574.2,42829.0,106465.8,128652.3,88942.4,148
175.5,151552.0,30328.0,45716.0,29792.0,45716.0,68403.4,56413.7,15678.4,13493.6,0.0,20514.6,0.0,16434.4,22028.3,19559.7,42813.7,106480.2,128652.3,88918.0,148
176.5,151552.0,30328.0,45716.0,29792.0,45716.0,68403.4,56413.7,15678.4,13493.6,0.0,20514.6,0.0,16434.1,22028.6,19550.4,42804.6,106489.5,128652.3,88918.0,148
177.6,151552.0,30328.0,45716.0,29792.0,45716.0,68405.2,56415.6,15680.2,13495.5,0.0,20514.7,0.0,16434.1,22028.1,19544.0,42797.7,106496.0,128652.3,88920.0,148
178.7,151552.0,30328.0,45716.0,29792.0,45716.0,68422.2,56432.5,15697.2,13512.4,0.0,20514.8,0.0,16452.9,22029.0,19576.4,42831.0,106463.6,128652.3,88936.9,148
179.9,151552.0,30328.0,45716.0,29792.0,45716.0,68433.7,56444.0,15708.7,13523.9,0.0,20514.8,0.0,16462.2,22028.3,19590.2,42844.1,106449.8,128652.3,88948.5,148
180.9,151552.0,30328.0,45716.0,29792.0,45716.0,68405.5,56415.9,15680.5,13495.8,0.0,20514.8,0.0,16435.9,22027.9,19559.2,42812.7,106480.7,128652.3,88920.3,148
182.0,151552.0,30328.0,45716.0,29792.0,45716.0,68399.4,56409.7,15674.4,13489.6,0.0,20514.8,0.0,16425.9,22028.1,19939.5,43193.2,106100.5,128652.3,88914.2,148
183.3,151552.0,30328.0,45716.0,29792.0,45716.0,68405.3,56415.7,15680.3,13495.6,0.0,20514.8,0.0,16436.1,22027.9,19556.1,42809.7,106483.9,128652.3,88920.1,148
184.3,151552.0,30328.0,45716.0,29792.0,45716.0,68414.3,56424.6,15689.3,13504.5,0.0,20514.8,0.0,16443.3,22027.7,19563.1,42816.5,106476.8,128652.3,88929.1,148
185.3,151552.0,30328.0,45716.0,29792.0,45716.0,68415.2,56425.6,15690.2,13505.5,0.0,20514.8,0.0,16445.9,22027.7,19773.4,43026.7,106266.5,128652.3,88930.0,148
186.5,151552.0,30328.0,45716.0,29792.0,45716.0,68415.2,56425.6,15690.2,13505.5,0.0,20514.8,0.0,16446.0,22027.9,19573.3,42826.8,106466.6,128652.3,88930.0,148
187.6,151552.0,30328.0,45716.0,29792.0,45716.0,68415.2,56425.6,15690.2,13505.5,0.0,20514.8,0.0,16446.4,22028.2,19559.8,42813.6,106480.1,128652.3,88930.0,148
188.7,151552.0,30328.0,45716.0,29792.0,45716.0,68421.4,56431.7,15696.4,13511.6,0.0,20514.8,0.0,16444.2,22028.3,19574.6,42828.6,106465.3,128652.3,88936.2,148
189.7,151552.0,30328.0,45716.0,29792.0,45716.0,68382.8,56393.2,15657.8,13473.1,0.0,20514.8,0.0,16461.9,22029.7,19587.4,42842.8,106452.5,128652.3,88897.6,148
190.8,151552.0,30328.0,45716.0,29792.0,45716.0,68411.5,56421.9,15686.5,13501.8,0.0,20514.8,0.0,16439.8,22029.5,19842.8,43097.9,106197.2,128652.3,88926.3,148
191.9,151552.0,30328.0,45716.0,29792.0,45716.0,68424.3,56434.6,15699.3,13514.5,0.0,20514.8,0.0,16452.9,22029.0,19579.2,42833.8,106460.8,128652.3,88939.1,148
192.9,151552.0,30328.0,45716.0,29792.0,45716.0,68431.7,56442.0,15706.7,13521.9,0.0,20514.8,0.0,16460.3,22029.4,19588.4,42843.5,106451.5,128652.3,88946.5,148
194.0,151552.0,30328.0,45716.0,29792.0,45716.0,68383.5,56393.9,15658.5,13473.8,0.0,20514.8,0.0,16412.2,22028.1,19534.1,42787.8,106505.8,128652.3,88898.4,148
195.0,151552.0,30328.0,45716.0,29792.0,45716.0,68415.8,56426.1,15690.8,13506.0,0.0,20514.8,0.0,16444.5,22028.2,19570.2,42824.1,106469.7,128652.3,88930.6,148
196.2,151552.0,30328.0,45716.0,29792.0,45716.0,68419.2,56429.5,15694.1,13509.4,0.0,20514.9,0.0,16447.8,22027.9,19571.3,42824.9,106468.6,128652.3,88934.0,148
197.3,151552.0,30328.0,45716.0,29792.0,45716.0,68419.2,56429.5,15694.1,13509.4,0.0,20514.9,0.0,16447.8,22029.0,19569.6,42824.2,106470.4,128652.3,88934.0,148
198.6,151552.0,30328.0,45716.0,29792.0,45716.0,68382.8,56393.2,15657.8,13473.1,0.0,20515.0,0.0,16461.5,22028.7,19589.4,42843.7,106450.5,128652.3,88897.8,148
199.7,151552.0,30328.0,45716.0,29792.0,45716.0,68410.7,56421.1,15685.7,13501.0,0.0,20515.0,0.0,16439.1,22028.0,19566.6,42820.2,106473.4,128652.3,88925.7,148
200.7,151552.0,30328.0,45716.0,29792.0,45716.0,68433.8,56444.1,15708.8,13524.0,0.0,20515.0,0.0,16439.4,22028.0,19559.5,42813.2,106480.4,128652.3,88948.8,148
201.8,151552.0,30328.0,45716.0,29792.0,45716.0,68392.3,56402.7,15667.3,13482.6,0.0,20515.0,0.0,16417.8,22027.8,19534.1,42787.5,106505.9,128652.3,88907.4,148
203.0,151552.0,30328.0,45716.0,29792.0,45716.0,68415.9,56426.3,15691.0,13506.2,0.0,20515.0,0.0,16441.4,22028.0,19594.1,42847.8,106445.8,128652.3,88931.0,148
204.0,151552.0,30328.0,45716.0,29792.0,45716.0,68416.1,56426.5,15691.1,13506.4,0.0,20515.0,0.0,16441.5,22028.4,19568.4,42822.5,106471.5,128652.3,88931.2,148
205.0,151552.0,30328.0,45716.0,29792.0,45716.0,68420.7,56431.1,15695.7,13510.9,0.0,20515.0,0.0,16445.6,22028.5,19571.8,42825.9,106468.1,128652.3,88935.7,148
206.1,151552.0,30328.0,45716.0,29792.0,45716.0,68421.3,56431.6,15696.3,13511.5,0.0,20515.0,0.0,16446.6,22028.6,19800.4,43054.7,106239.5,128652.3,88936.3,148
207.5,151552.0,30328.0,45716.0,29792.0,45716.0,68432.0,56442.4,15707.0,13522.3,0.0,20515.1,0.0,16457.5,22028.9,19577.1,42831.6,106462.9,128652.3,88947.1,148
208.6,151552.0,30328.0,45716.0,29792.0,45716.0,68412.2,56422.5,15687.2,13502.4,0.0,20515.1,0.0,16437.4,22027.8,19969.0,43222.4,106071.0,128652.3,88927.2,148
209.8,151552.0,30328.0,45716.0,29792.0,45716.0,68438.9,56449.2,15713.9,13529.1,0.0,20515.1,0.0,16463.9,22028.5,20320.4,43574.5,105719.5,128652.3,88954.0,148
210.9,151552.0,30328.0,45716.0,29792.0,45716.0,68432.0,56442.4,15707.0,13522.3,0.0,20515.1,0.0,16457.5,22028.9,19565.3,42819.9,106474.6,128652.3,88947.1,148
211.9,151552.0,30328.0,45716.0,29792.0,45716.0,68432.0,56442.4,15707.0,13522.3,0.0,20515.1,0.0,16457.5,22028.9,19983.0,43237.6,106057.0,128652.3,88947.1,148
213.1,151552.0,30328.0,45716.0,29792.0,45716.0,68419.9,56430.2,15694.9,13510.1,0.0,20515.1,0.0,16445.1,22030.6,19568.9,42825.2,106471.0,128652.3,88935.0,148
214.3,151552.0,30328.0,45716.0,29792.0,45716.0,68425.8,56436.2,15700.8,13516.1,0.0,20515.3,0.0,16454.0,22029.6,20011.2,43266.4,106028.8,128652.3,88941.2,148
215.5,151552.0,30328.0,45716.0,29792.0,45716.0,68425.8,56436.2,15700.8,13516.1,0.0,20515.4,0.0,16454.0,22029.7,19578.5,42833.9,106461.4,128652.3,88941.2,148
216.6,151552.0,30328.0,45716.0,29792.0,45716.0,68428.7,56439.1,15703.7,13518.9,0.0,20515.4,0.0,16454.0,22031.0,19580.2,42836.8,106459.7,128652.3,88944.1,148
217.6,151552.0,30328.0,45716.0,29792.0,45716.0,68390.5,56400.9,15665.5,13480.7,0.0,20515.4,0.0,16418.8,22030.6,19544.3,42800.6,106495.6,128652.3,88905.9,148
218.7,151552.0,30328.0,45716.0,29792.0,45716.0,68421.3,56431.6,15696.3,13511.5,0.0,20515.4,0.0,16449.6,22029.6,19572.5,42827.8,106467.5,128652.3,88936.7,148
219.7,151552.0,30328.0,45716.0,29792.0,45716.0,68421.5,56431.9,15696.5,13511.7,0.0,20515.4,0.0,16447.9,22029.7,19736.8,42992.2,106303.1,128652.3,88936.9,148
220.8,151552.0,30328.0,45716.0,29792.0,45716.0,68380.0,56390.4,15655.0,13470.3,0.0,20515.4,0.0,16454.1,22031.8,19922.6,43180.0,106117.4,128652.3,88895.4,148
222.1,151552.0,30328.0,45716.0,29792.0,45716.0,68412.9,56423.2,15687.9,13503.1,0.0,20515.4,0.0,16454.4,22031.2,19824.1,43080.9,106215.8,128652.3,88928.3,148
223.4,151552.0,30328.0,45716.0,29792.0,45716.0,68412.9,56423.2,15687.9,13503.1,0.0,20515.4,0.0,16442.3,22030.4,19656.9,42913.0,106383.0,128652.3,88928.3,148
224.6,151552.0,30328.0,45716.0,29792.0,45716.0,68434.6,56444.9,15709.5,13524.8,0.0,20515.4,0.0,16442.3,22030.7,20192.8,43449.1,105847.1,128652.3,88950.0,148
225.6,151552.0,30328.0,45716.0,29792.0,45716.0,68434.6,56444.9,15709.5,13524.8,0.0,20515.4,0.0,16464.0,22030.4,20141.4,43397.4,105898.5,128652.3,88950.0,148
226.8,151552.0,30328.0,45716.0,29792.0,45716.0,68388.7,56399.0,15663.6,13478.9,0.0,20515.4,0.0,16383.1,22030.3,19901.1,43157.1,106138.8,128652.3,88904.1,148
227.9,151552.0,30328.0,45716.0,29792.0,45716.0,68423.3,56433.7,15698.3,13513.6,0.0,20515.4,0.0,16452.7,22033.0,19579.8,42838.5,106460.1,128652.3,88938.8,148
228.9,151552.0,30328.0,45716.0,29792.0,45716.0,68434.2,56444.6,15709.2,13524.5,0.0,20515.5,0.0,16463.7,22031.0,19837.8,43094.4,106202.1,128652.3,88949.8,148
230.0,151552.0,30328.0,45716.0,29792.0,45716.0,68386.2,56396.6,15661.2,13476.5,0.0,20515.6,0.0,16415.4,22030.4,19536.6,42792.6,106503.3,128652.3,88901.8,148
231.4,151552.0,30328.0,45716.0,29792.0,45716.0,68414.0,56424.4,15689.0,13504.3,0.0,20515.6,0.0,16445.6,22031.0,19782.9,43039.6,106257.0,128652.3,88929.6,148
232.6,151552.0,30328.0,45716.0,29792.0,45716.0,68435.0,56445.4,15710.0,13525.3,0.0,20515.6,0.0,16466.6,22030.8,19600.0,42856.4,106439.9,128652.3,88950.6,148
233.8,151552.0,30328.0,45716.0,29792.0,45716.0,68386.1,56396.5,15661.1,13476.4,0.0,20515.6,0.0,16417.5,22029.9,19545.8,42801.5,106494.1,128652.3,88901.7,148
235.1,151552.0,30328.0,45716.0,29792.0,45716.0,68411.3,56421.6,15686.3,13501.5,0.0,20515.6,0.0,16441.2,22030.1,19575.5,42831.3,106464.4,128652.3,88926.9,148
236.3,151552.0,30328.0,45716.0,29792.0,45716.0,68425.7,56436.1,15700.7,13516.0,0.0,20515.6,0.0,16454.9,22030.7,19589.7,42846.1,106450.2,128652.3,88941.3,148
237.4,151552.0,30328.0,45716.0,29792.0,45716.0,68425.9,56436.2,15700.9,13516.1,0.0,20515.6,0.0,16455.1,22030.6,19590.7,42846.9,106449.2,128652.3,88941.5,148
238.5,151552.0,30328.0,45716.0,29792.0,45716.0,68425.9,56436.2,15700.9,13516.1,0.0,20515.6,0.0,16455.1,22030.9,19585.9,42842.6,106454.0,128652.3,88941.5,148
239.5,151552.0,30328.0,45716.0,29792.0,45716.0,68428.3,56438.6,15703.3,13518.5,0.0,20515.6,0.0,16457.5,22030.1,19588.6,42844.4,106451.3,128652.3,88943.9,148
240.6,151552.0,30328.0,45716.0,29792.0,45716.0,68428.3,56438.6,15703.3,13518.5,0.0,20515.6,0.0,16457.5,22030.1,19587.1,42842.9,106452.8,128652.3,88943.9,148
241.7,151552.0,30328.0,45716.0,29792.0,45716.0,68428.3,56438.6,15703.3,13518.5,0.0,20515.6,0.0,16457.5,22030.3,19649.7,42905.7,106390.2,128652.3,88943.9,148
242.9,151552.0,30328.0,45716.0,29792.0,45716.0,68428.3,56438.6,15703.3,13518.5,0.0,20515.6,0.0,16457.5,22029.7,19587.3,42842.7,106452.6,128652.3,88943.9,148
244.0,151552.0,30328.0,45716.0,29792.0,45716.0,68429.6,56439.9,15704.6,13519.8,0.0,20515.6,0.0,16458.8,22031.4,19630.9,42887.9,106409.0,128652.3,88945.2,148
245.2,151552.0,30328.0,45716.0,29792.0,45716.0,68389.1,56399.4,15664.1,13479.3,0.0,20515.6,0.0,16467.2,22031.2,19602.7,42859.6,106437.2,128652.3,88904.7,148
246.2,151552.0,30328.0,45716.0,29792.0,45716.0,68415.6,56425.9,15690.5,13505.8,0.0,20515.7,0.0,16444.9,22030.2,19573.7,42829.6,106466.2,128652.3,88931.2,148
247.3,151552.0,30328.0,45716.0,29792.0,45716.0,68418.2,56428.6,15693.2,13508.5,0.0,20515.7,0.0,16447.4,22030.8,19571.3,42827.8,106468.6,128652.3,88933.9,148
248.4,151552.0,30328.0,45716.0,29792.0,45716.0,68420.0,56430.4,15695.0,13510.3,0.0,20515.8,0.0,16415.2,22031.6,19810.0,43067.3,106229.9,128652.3,88935.9,148
249.4,151552.0,30328.0,45716.0,29792.0,45716.0,68420.1,56430.4,15695.1,13510.3,0.0,20515.8,0.0,16415.2,22030.6,19809.9,43066.2,106229.9,128652.3,88935.9,148
250.5,151552.0,30328.0,45716.0,29792.0,45716.0,68421.9,56432.2,15696.9,13512.1,0.0,20515.8,0.0,16417.0,22030.2,19538.1,42794.1,106501.8,128652.3,88937.7,148
251.6,151552.0,30328.0,45716.0,29792.0,45716.0,68429.8,56440.1,15704.8,13520.0,0.0,20515.9,0.0,16424.5,22031.0,19553.5,42810.2,106486.4,128652.3,88945.7,148
252.6,151552.0,30328.0,45716.0,29792.0,45716.0,68447.6,56457.9,15722.6,13537.8,0.0,20515.9,0.0,16437.3,22030.4,19570.2,42826.3,106469.7,128652.3,88963.4,148
253.7,151552.0,30328.0,45716.0,29792.0,45716.0,68447.6,56457.9,15722.6,13537.8,0.0,20515.9,0.0,16439.5,22032.2,19573.0,42830.9,106466.8,128652.3,88963.5,148
254.9,151552.0,30328.0,45716.0,29792.0,45716.0,68422.8,56433.2,15697.8,13513.0,0.0,20515.9,0.0,16414.7,22029.8,19830.5,43086.0,106209.4,128652.3,88938.7,148
256.0,151552.0,30328.0,45716.0,29792.0,45716.0,68423.6,56433.9,15698.6,13513.8,0.0,20515.9,0.0,16415.2,22030.0,19635.9,42891.6,106404.0,128652.3,88939.5,148
257.2,151552.0,30328.0,45716.0,29792.0,45716.0,68426.7,56437.1,15701.7,13516.9,0.0,20515.9,0.0,16418.5,22029.7,19802.2,43057.7,106237.6,128652.3,88942.6,148
258.5,151552.0,30328.0,45716.0,29792.0,45716.0,68432.9,56443.2,15707.9,13523.1,0.0,20515.9,0.0,16424.8,22029.7,19558.0,42813.4,106481.9,128652.3,88948.8,148
259.8,151552.0,30328.0,45716.0,29792.0,45716.0,68435.4,56445.8,15710.4,13525.7,0.0,20515.9,0.0,16427.5,22031.5,19564.4,42821.5,106475.5,128652.3,88951.3,148
260.9,151552.0,30328.0,45716.0,29792.0,45716.0,68435.4,56445.8,15710.4,13525.7,0.0,20515.9,0.0,16427.4,22030.9,19687.8,42944.4,106352.1,128652.3,88951.4,148
262.0,151552.0,30328.0,45716.0,29792.0,45716.0,68450.8,56461.1,15725.8,13541.0,0.0,20515.9,0.0,16433.3,22032.2,19564.9,42822.9,106475.0,128652.3,88966.7,148
263.4,151552.0,30328.0,45716.0,29792.0,45716.0,68421.3,56431.7,15696.3,13511.6,0.0,20516.1,0.0,16413.4,22030.4,19569.4,42825.5,106470.5,128652.3,88937.4,148
264.5,151552.0,30328.0,45716.0,29792.0,45716.0,68410.3,56420.6,15685.3,13500.5,0.0,20516.1,0.0,16395.7,22030.3,19512.8,42768.8,106527.1,128652.3,88926.3,148
265.7,151552.0,30328.0,45716.0,29792.0,45716.0,68439.0,56449.3,15714.0,13529.2,0.0,20516.1,0.0,16431.2,22030.5,19851.7,43107.9,106188.2,128652.3,88955.1,148
266.7,151552.0,30328.0,45716.0,29792.0,45716.0,68439.1,56449.4,15714.1,13529.3,0.0,20516.1,0.0,16431.3,22031.1,19747.9,43004.7,106292.0,128652.3,88955.1,148
267.8,151552.0,30328.0,45716.0,29792.0,45716.0,68439.1,56449.4,15714.1,13529.3,0.0,20516.1,0.0,16431.3,22029.7,19550.9,42806.3,106489.0,128652.3,88955.2,148
269.0,151552.0,30328.0,45716.0,29792.0,45716.0,68439.1,56449.4,15714.1,13529.3,0.0,20516.1,0.0,16431.3,22029.5,19654.5,42909.8,106385.3,128652.3,88955.2,148
270.2,151552.0,30328.0,45716.0,29792.0,45716.0,68439.1,56449.4,15714.1,13529.3,0.0,20516.1,0.0,16431.3,22029.9,19557.4,42813.0,106482.5,128652.3,88955.2,148
271.3,151552.0,30328.0,45716.0,29792.0,45716.0,68439.1,56449.4,15714.0,13529.3,0.0,20516.1,0.0,16431.4,22029.5,19558.5,42813.7,106481.4,128652.3,88955.2,148
272.4,151552.0,30328.0,45716.0,29792.0,45716.0,68446.6,56457.0,15721.6,13536.9,0.0,20516.1,0.0,16442.1,22029.7,19576.8,42832.1,106463.1,128652.3,88962.7,148
273.5,151552.0,30328.0,45716.0,29792.0,45716.0,68446.6,56457.0,15721.6,13536.9,0.0,20516.1,0.0,16456.6,22029.6,19594.0,42849.3,106445.9,128652.3,88962.8,148
274.6,151552.0,30328.0,45716.0,29792.0,45716.0,68398.6,56408.9,15673.5,13488.8,0.0,20516.2,0.0,16442.1,22028.5,19572.2,42826.5,106467.6,128652.3,88914.7,148
275.8,151552.0,30328.0,45716.0,29792.0,45716.0,68405.1,56415.4,15680.0,13495.3,0.0,20516.2,0.0,16400.2,22028.7,19526.9,42781.3,106513.0,128652.3,88921.2,148
277.0,151552.0,30328.0,45716.0,29792.0,45716.0,68452.3,56462.7,15727.3,13542.6,0.0,20516.2,0.0,16433.0,22028.5,19568.0,42822.2,106471.9,128652.3,88968.5,148
278.1,151552.0,30328.0,45716.0,29792.0,45716.0,68398.7,56409.0,15673.7,13488.9,0.0,20516.2,0.0,16394.7,22028.4,19521.6,42775.8,106518.2,128652.3,88914.9,148
279.2,151552.0,30328.0,45716.0,29792.0,45716.0,68398.7,56409.0,15673.7,13488.9,0.0,20516.2,0.0,16394.4,22028.6,19519.6,42773.9,106520.3,128652.3,88914.9,148
280.2,151552.0,30328.0,45716.0,29792.0,45716.0,68398.7,56409.0,15673.7,13488.9,0.0,20516.2,0.0,16394.4,22027.9,19522.4,42776.0,106517.5,128652.3,88914.9,148
281.4,151552.0,30328.0,45716.0,29792.0,45716.0,68452.7,56463.0,15727.7,13542.9,0.0,20516.3,0.0,16448.4,22029.6,19584.0,42839.3,106455.9,128652.3,88969.0,148
282.5,151552.0,30328.0,45716.0,29792.0,45716.0,68462.2,56472.6,15737.2,13552.5,0.0,20516.4,0.0,16457.9,22030.4,19848.0,43104.1,106191.8,128652.3,88978.6,148
283.6,151552.0,30328.0,45716.0,29792.0,45716.0,68454.1,56464.4,15729.1,13544.3,0.0,20516.4,0.0,16431.8,22031.7,19550.2,42807.7,106489.6,128652.3,88970.5,148
284.8,151552.0,30328.0,45716.0,29792.0,45716.0,68429.8,56440.1,15704.8,13520.0,0.0,20516.4,0.0,16425.2,22030.5,19598.8,42855.0,106441.1,128652.3,88946.1,148
286.0,151552.0,30328.0,45716.0,29792.0,45716.0,68451.5,56461.8,15726.5,13541.7,0.0,20516.4,0.0,16447.2,22030.0,19561.8,42817.5,106478.1,128652.3,88967.8,148
287.0,151552.0,30328.0,45716.0,29792.0,45716.0,68412.8,56423.2,15687.8,13503.0,0.0,20516.4,0.0,16397.0,22028.4,19561.3,42815.5,106478.5,128652.3,88929.2,148
288.0,151552.0,30328.0,45716.0,29792.0,45716.0,68392.1,56402.4,15667.1,13482.3,0.0,20516.4,0.0,16387.8,22028.7,19721.3,42975.7,106318.6,128652.3,88908.5,148
289.1,151552.0,30328.0,45716.0,29792.0,45716.0,68423.2,56433.5,15698.2,13513.4,0.0,20516.4,0.0,16418.7,22028.7,19612.7,42867.1,106427.2,128652.3,88939.6,148
290.3,151552.0,30328.0,45716.0,29792.0,45716.0,68442.3,56452.6,15717.3,13532.5,0.0,20516.4,0.0,16437.5,22030.3,19564.9,42820.9,106474.9,128652.3,88958.7,148
291.3,151552.0,30328.0,45716.0,29792.0,45716.0,68395.1,56405.5,15670.1,13485.4,0.0,20516.4,0.0,16442.3,22029.9,19925.8,43181.4,106114.0,128652.3,88911.6,148
292.5,151552.0,30328.0,45716.0,29792.0,45716.0,68453.4,56463.7,15728.3,13543.6,0.0,20516.4,0.0,16449.1,22029.9,19561.9,42817.5,106478.0,128652.3,88969.8,148
293.6,151552.0,30328.0,45716.0,29792.0,45716.0,68429.4,56439.7,15704.4,13519.6,0.0,20516.4,0.0,16425.1,22029.4,19941.7,43196.8,106098.1,128652.3,88945.8,148
294.8,151552.0,30328.0,45716.0,29792.0,45716.0,68429.4,56439.7,15704.4,13519.6,0.0,20516.4,0.0,16425.1,22030.1,19789.2,43045.0,106250.7,128652.3,88945.8,148
296.1,151552.0,30328.0,45716.0,29792.0,45716.0,68452.4,56462.8,15727.4,13542.6,0.0,20516.4,0.0,16447.2,22030.7,19573.4,42829.8,106466.5,128652.3,88968.8,148
297.2,151552.0,30328.0,45716.0,29792.0,45716.0,68431.0,56441.3,15706.0,13521.2,0.0,20516.4,0.0,16425.7,22030.1,19549.4,42805.2,106490.5,128652.3,88947.4,148
298.3,151552.0,30328.0,45716.0,29792.0,45716.0,68445.4,56455.7,15720.4,13535.6,0.0,20516.6,0.0,16436.0,22029.6,19568.1,42823.5,106471.7,128652.3,88962.0,148
299.4,151552.0,30328.0,45716.0,29792.0,45716.0,68430.0,56440.4,15705.0,13520.3,0.0,20516.6,0.0,16426.1,22031.8,19551.5,42809.0,106488.4,128652.3,88946.6,148
300.5,151552.0,30328.0,45716.0,29792.0,45716.0,68415.2,56425.6,15690.2,13505.5,0.0,20516.6,0.0,16411.1,22029.7,19678.8,42934.2,106361.1,128652.3,88931.8,148
301.7,151552.0,30328.0,45716.0,29792.0,45716.0,68442.6,56453.0,15717.6,13532.9,0.0,20516.6,0.0,16414.8,22028.9,19645.0,42899.7,106394.8,128652.3,88959.2,148
302.8,151552.0,30328.0,45716.0,29792.0,45716.0,68408.9,56419.3,15684.0,13499.2,0.0,20516.6,0.0,16435.5,22030.3,19679.1,42935.2,106360.8,128652.3,88925.6,148
303.9,151552.0,30328.0,45716.0,29792.0,45716.0,68418.3,56428.7,15693.3,13508.5,0.0,20516.6,0.0,16442.8,22031.3,19569.0,42826.1,106470.8,128652.3,88934.9,148
305.1,151552.0,30328.0,45716.0,29792.0,45716.0,68438.9,56449.2,15713.9,13529.1,0.0,20516.6,0.0,16431.6,22032.1,19740.2,42998.1,106299.6,128652.3,88955.5,148
306.2,151552.0,30328.0,45716.0,29792.0,45716.0,68447.1,56457.4,15722.1,13537.3,0.0,20516.6,0.0,16437.0,22031.6,19744.7,43002.0,106295.1,128652.3,88963.7,148
307.4,151552.0,30328.0,45716.0,29792.0,45716.0,68460.5,56470.9,15735.5,13550.8,0.0,20516.6,0.0,16453.8,22030.1,20192.8,43448.7,105847.0,128652.3,88977.1,148
308.4,151552.0,30328.0,45716.0,29792.0,45716.0,68481.4,56491.8,15756.4,13571.7,0.0,20516.7,0.0,16474.2,22032.2,19606.3,42864.3,106433.5,128652.3,88998.1,148
309.5,151552.0,30328.0,45716.0,29792.0,45716.0,68449.4,56459.8,15724.4,13539.6,0.0,20516.7,0.0,16512.0,22031.6,19644.8,42902.2,106395.0,128652.3,88966.1,148
310.8,151552.0,30328.0,45716.0,29792.0,45716.0,68436.4,56446.7,15711.4,13526.6,0.0,20516.7,0.0,16429.1,22031.0,19545.2,42802.0,106494.6,128652.3,88953.1,148
311.9,151552.0,30328.0,45716.0,29792.0,45716.0,68481.3,56491.6,15756.2,13571.5,0.0,20516.7,0.0,16473.6,22032.6,19593.1,42851.4,106446.8,128652.3,88998.0,148
313.0,151552.0,30328.0,45716.0,29792.0,45716.0,68513.8,56524.0,15788.7,13603.9,0.0,20516.7,0.0,16506.5,22031.6,19632.4,42889.8,106407.4,128652.3,89030.5,148
314.2,151552.0,30328.0,45716.0,29792.0,45716.0,68513.8,56524.0,15788.7,13603.9,0.0,20516.7,0.0,16506.5,22032.0,19634.9,42892.6,106404.9,128652.3,89030.5,148
315.2,151552.0,30328.0,45716.0,29792.0,45716.0,68513.8,56524.0,15788.7,13603.9,0.0,20516.7,0.0,16506.7,22031.6,19637.9,42895.3,106401.9,128652.3,89030.5,148
316.4,151552.0,30328.0,45716.0,29792.0,45716.0,68487.1,56497.4,15762.0,13577.3,0.0,20516.7,0.0,16530.3,22031.5,19656.8,42914.1,106383.0,128652.3,89003.9,148
317.6,151552.0,30328.0,45716.0,29792.0,45716.0,68483.1,56493.3,15758.0,13573.2,0.0,20516.9,0.0,16476.0,22029.9,19600.1,42855.7,106439.8,128652.3,88999.9,148
318.7,151552.0,30328.0,45716.0,29792.0,45716.0,68483.1,56493.3,15758.0,13573.2,0.0,20516.9,0.0,16475.8,22030.5,19604.0,42860.3,106435.8,128652.3,89000.0,148
319.7,151552.0,30328.0,45716.0,29792.0,45716.0,68483.1,56493.3,15758.0,13573.2,0.0,20516.9,0.0,16475.8,22030.2,19604.7,42860.7,106435.1,128652.3,89000.0,148
320.7,151552.0,30328.0,45716.0,29792.0,45716.0,68483.1,56493.3,15758.0,13573.2,0.0,20516.9,0.0,16475.9,22030.4,19606.5,42862.7,106433.3,128652.3,89000.0,148
