t,p_used_tokens,p_usage,p_used_gb,p_running,p_queue,p_capacity,d_used_tokens,d_usage,d_used_gb,d_running,d_queue,d_capacity,d_transfer_req,d_prealloc_req,d_prealloc_usage
0.036,1.0,4.7863149682428e-06,0.0001220703125,,,208929.0,0.0,0.0,0.0,,,208929.0,0.0,0.0,0.0
0.612,1.0,4.7863149682428e-06,0.0001220703125,,,208929.0,0.0,0.0,0.0,,,208929.0,0.0,0.0,0.0
1.275,1.0,4.7863149682428e-06,0.0001220703125,,,208929.0,6072.0,0.029062504487170283,0.7412109375,4.0,,208929.0,1.0,0.0,0.0
1.836,1.0,4.7863149682428e-06,0.0001220703125,,,208929.0,6072.0,0.029062504487170283,0.7412109375,4.0,0.0,208929.0,1.0,0.0,0.0
2.415,1.0,4.7863149682428e-06,0.0001220703125,,,208929.0,9910.0,0.04743238133528615,1.209716796875,8.0,0.0,208929.0,0.0,0.0,0.0
2.973,1.0,4.7863149682428e-06,0.0001220703125,,,208929.0,9910.0,0.04743238133528615,1.209716796875,8.0,0.0,208929.0,0.0,0.0,0.0
3.532,1.0,4.7863149682428e-06,0.0001220703125,,,208929.0,10230.0,0.04896400212512385,1.248779296875,8.0,0.0,208929.0,0.0,0.0,0.0
4.092,1.0,4.7863149682428e-06,0.0001220703125,,,208929.0,10230.0,0.04896400212512385,1.248779296875,8.0,0.0,208929.0,0.0,0.0,0.0
4.654,1.0,4.7863149682428e-06,0.0001220703125,,,208929.0,7873.0,0.03768265774497557,0.9610595703125,6.0,0.0,208929.0,0.0,0.0,0.0
5.205,1.0,4.7863149682428e-06,0.0001220703125,,,208929.0,7873.0,0.03768265774497557,0.9610595703125,6.0,0.0,208929.0,0.0,0.0,0.0
5.768,1.0,4.7863149682428e-06,0.0001220703125,,,208929.0,5367.0,0.02568815243455911,0.6551513671875,4.0,0.0,208929.0,0.0,0.0,0.0
6.329,1.0,4.7863149682428e-06,0.0001220703125,,,208929.0,2738.0,0.013104930383048786,0.334228515625,2.0,0.0,208929.0,0.0,0.0,0.0
6.883,1.0,4.7863149682428e-06,0.0001220703125,,,208929.0,2738.0,0.013104930383048786,0.334228515625,2.0,0.0,208929.0,0.0,0.0,0.0
7.445,1.0,4.7863149682428e-06,0.0001220703125,,,208929.0,2738.0,0.013104930383048786,0.334228515625,2.0,0.0,208929.0,0.0,0.0,0.0
7.996,1.0,4.7863149682428e-06,0.0001220703125,,,208929.0,2738.0,0.013104930383048786,0.334228515625,2.0,0.0,208929.0,0.0,0.0,0.0
8.546,1.0,4.7863149682428e-06,0.0001220703125,,,208929.0,2738.0,0.013104930383048786,0.334228515625,2.0,0.0,208929.0,0.0,0.0,0.0
9.095,1.0,4.7863149682428e-06,0.0001220703125,,,208929.0,2738.0,0.013104930383048786,0.334228515625,2.0,0.0,208929.0,0.0,0.0,0.0
9.639,1.0,4.7863149682428e-06,0.0001220703125,,,208929.0,2738.0,0.013104930383048786,0.334228515625,2.0,0.0,208929.0,0.0,0.0,0.0
10.188,1.0,4.7863149682428e-06,0.0001220703125,,,208929.0,2738.0,0.013104930383048786,0.334228515625,2.0,0.0,208929.0,0.0,0.0,0.0
10.736,1.0,4.7863149682428e-06,0.0001220703125,,,208929.0,2738.0,0.013104930383048786,0.334228515625,2.0,0.0,208929.0,0.0,0.0,0.0
11.284,1199.0,0.01,0.1463623046875,,,208929.0,2738.0,0.013104930383048786,0.334228515625,2.0,0.0,208929.0,0.0,0.0,0.0
11.833,1199.0,0.01,0.1463623046875,,,208929.0,2738.0,0.013104930383048786,0.334228515625,2.0,0.0,208929.0,0.0,0.0,0.0
12.381,1199.0,0.01,0.1463623046875,,,208929.0,2738.0,0.013104930383048786,0.334228515625,2.0,0.0,208929.0,0.0,0.0,0.0
12.931,1199.0,0.01,0.1463623046875,,,208929.0,2738.0,0.013104930383048786,0.334228515625,2.0,0.0,208929.0,0.0,0.0,0.0
13.479,1199.0,0.01,0.1463623046875,,,208929.0,2738.0,0.013104930383048786,0.334228515625,2.0,0.0,208929.0,0.0,0.0,0.0
14.027,1199.0,0.01,0.1463623046875,,,208929.0,2738.0,0.013104930383048786,0.334228515625,2.0,0.0,208929.0,0.0,0.0,0.0
14.576,1199.0,0.01,0.1463623046875,,,208929.0,4296.0,0.02056200910357107,0.5244140625,1.0,0.0,208929.0,1.0,0.0,0.0
15.108,1199.0,0.01,0.1463623046875,,,208929.0,4296.0,0.02056200910357107,0.5244140625,1.0,0.0,208929.0,1.0,0.0,0.0
15.643,1199.0,0.01,0.1463623046875,,,208929.0,8733.0,0.04179888861766438,1.0660400390625,4.0,0.0,208929.0,0.0,0.0,0.0
16.212,1199.0,0.01,0.1463623046875,,,208929.0,8733.0,0.04179888861766438,1.0660400390625,4.0,0.0,208929.0,0.0,0.0,0.0
16.876,1199.0,0.01,0.1463623046875,,,208929.0,13294.0,0.06362927118781979,1.622802734375,5.0,0.0,208929.0,0.0,0.0,0.0
17.422,1199.0,0.01,0.1463623046875,,,208929.0,13294.0,0.06362927118781979,1.622802734375,5.0,0.0,208929.0,0.0,0.0,0.0
17.956,1199.0,0.01,0.1463623046875,,,208929.0,17984.0,0.08607708838887852,2.1953125,8.0,0.0,208929.0,0.0,0.0,0.0
18.531,1199.0,0.01,0.1463623046875,,,208929.0,17984.0,0.08607708838887852,2.1953125,8.0,0.0,208929.0,0.0,0.0,0.0
19.095,1199.0,0.01,0.1463623046875,,,208929.0,18304.0,0.08760870917871622,2.234375,8.0,0.0,208929.0,0.0,0.0,0.0
19.662,1199.0,0.01,0.1463623046875,,,208929.0,18304.0,0.08760870917871622,2.234375,8.0,0.0,208929.0,0.0,0.0,0.0
20.229,1199.0,0.01,0.1463623046875,,,208929.0,18624.0,0.08914032996855391,2.2734375,8.0,0.0,208929.0,0.0,0.0,0.0
20.784,1199.0,0.01,0.1463623046875,,,208929.0,18624.0,0.08914032996855391,2.2734375,8.0,0.0,208929.0,0.0,0.0,0.0
21.334,1199.0,0.01,0.1463623046875,,,208929.0,14184.0,0.06788909150955588,1.7314453125,6.0,0.0,208929.0,0.0,0.0,0.0
21.896,1199.0,0.01,0.1463623046875,,,208929.0,7158.0,0.034260442542681964,0.873779296875,3.0,0.0,208929.0,0.0,0.0,0.0
22.466,1199.0,0.01,0.1463623046875,,,208929.0,7158.0,0.034260442542681964,0.873779296875,3.0,0.0,208929.0,0.0,0.0,0.0
23.035,1199.0,0.01,0.1463623046875,,,208929.0,2416.0,0.011563736963274606,0.294921875,2.0,0.0,208929.0,0.0,0.0,0.0
23.585,1199.0,0.01,0.1463623046875,,,208929.0,2416.0,0.011563736963274606,0.294921875,2.0,0.0,208929.0,0.0,0.0,0.0
24.133,1199.0,0.01,0.1463623046875,,,208929.0,2416.0,0.011563736963274606,0.294921875,2.0,0.0,208929.0,0.0,0.0,0.0
24.682,1199.0,0.01,0.1463623046875,,,208929.0,2416.0,0.011563736963274606,0.294921875,2.0,0.0,208929.0,0.0,0.0,0.0
25.23,1199.0,0.01,0.1463623046875,,,208929.0,2416.0,0.011563736963274606,0.294921875,2.0,0.0,208929.0,0.0,0.0,0.0
25.779,1199.0,0.01,0.1463623046875,,,208929.0,2416.0,0.011563736963274606,0.294921875,2.0,0.0,208929.0,0.0,0.0,0.0
26.327,1199.0,0.01,0.1463623046875,,,208929.0,2416.0,0.011563736963274606,0.294921875,2.0,0.0,208929.0,0.0,0.0,0.0
26.875,1199.0,0.01,0.1463623046875,,,208929.0,2416.0,0.011563736963274606,0.294921875,2.0,0.0,208929.0,0.0,0.0,0.0
27.423,1199.0,0.01,0.1463623046875,,,208929.0,2416.0,0.011563736963274606,0.294921875,2.0,0.0,208929.0,0.0,0.0,0.0
27.971,1199.0,0.01,0.1463623046875,,,208929.0,2416.0,0.011563736963274606,0.294921875,2.0,0.0,208929.0,0.0,0.0,0.0
28.519,1199.0,0.01,0.1463623046875,,,208929.0,2416.0,0.011563736963274606,0.294921875,2.0,0.0,208929.0,0.0,0.0,0.0
29.067,1199.0,0.01,0.1463623046875,,,208929.0,2416.0,0.011563736963274606,0.294921875,2.0,0.0,208929.0,0.0,0.0,0.0
29.61,1199.0,0.01,0.1463623046875,,,208929.0,2416.0,0.011563736963274606,0.294921875,2.0,0.0,208929.0,0.0,0.0,0.0
30.158,1199.0,0.01,0.1463623046875,,,208929.0,2416.0,0.011563736963274606,0.294921875,2.0,0.0,208929.0,0.0,0.0,0.0
30.719,1199.0,0.01,0.1463623046875,,,208929.0,6318.0,0.030239937969358012,0.771240234375,1.0,0.0,208929.0,1.0,0.0,0.0
31.281,1199.0,0.01,0.1463623046875,,,208929.0,6318.0,0.030239937969358012,0.771240234375,1.0,0.0,208929.0,1.0,0.0,0.0
31.833,1199.0,0.01,0.1463623046875,,,208929.0,16007.0,0.0766145436966625,1.9539794921875,2.0,0.0,208929.0,3.0,0.0,0.0
32.361,1199.0,0.01,0.1463623046875,,,208929.0,16007.0,0.0766145436966625,1.9539794921875,2.0,0.0,208929.0,3.0,0.0,0.0
32.922,1199.0,0.01,0.1463623046875,,,208929.0,12927.0,0.06187269359447468,1.5780029296875,4.0,0.0,208929.0,0.0,0.0,0.0
33.557,1199.0,0.01,0.1463623046875,,,208929.0,19587.0,0.09374955128297173,2.3909912109375,6.0,0.0,208929.0,0.0,0.0,0.0
34.136,1199.0,0.01,0.1463623046875,,,208929.0,19587.0,0.09374955128297173,2.3909912109375,6.0,0.0,208929.0,0.0,0.0,0.0
34.711,1199.0,0.01,0.1463623046875,,,208929.0,23109.0,0.11060695260112287,2.8209228515625,7.0,0.0,208929.0,0.0,0.0,0.0
35.268,1199.0,0.01,0.1463623046875,,,208929.0,23109.0,0.11060695260112287,2.8209228515625,7.0,0.0,208929.0,0.0,0.0,0.0
35.824,1199.0,0.01,0.1463623046875,,,208929.0,23389.0,0.11194712079223085,2.8551025390625,7.0,0.0,208929.0,0.0,0.0,0.0
36.381,1199.0,0.01,0.1463623046875,,,208929.0,23389.0,0.11194712079223085,2.8551025390625,7.0,0.0,208929.0,0.0,0.0,0.0
36.941,1199.0,0.01,0.1463623046875,,,208929.0,20269.0,0.09701381809131332,2.4742431640625,6.0,0.0,208929.0,0.0,0.0,0.0
37.496,1199.0,0.01,0.1463623046875,,,208929.0,20269.0,0.09701381809131332,2.4742431640625,6.0,0.0,208929.0,0.0,0.0,0.0
38.07,1199.0,0.01,0.1463623046875,,,208929.0,13668.0,0.06541935298594259,1.66845703125,4.0,0.0,208929.0,0.0,0.0,0.0
38.626,1199.0,0.01,0.1463623046875,,,208929.0,13668.0,0.06541935298594259,1.66845703125,4.0,0.0,208929.0,0.0,0.0,0.0
39.191,1199.0,0.01,0.1463623046875,,,208929.0,10333.0,0.049456992566852855,1.2613525390625,3.0,0.0,208929.0,0.0,0.0,0.0
39.744,1199.0,0.01,0.1463623046875,,,208929.0,10333.0,0.049456992566852855,1.2613525390625,3.0,0.0,208929.0,0.0,0.0,0.0
40.311,1199.0,0.01,0.1463623046875,,,208929.0,6974.0,0.033379760588525285,0.851318359375,2.0,0.0,208929.0,0.0,0.0,0.0
40.87,1199.0,0.01,0.1463623046875,,,208929.0,6974.0,0.033379760588525285,0.851318359375,2.0,0.0,208929.0,0.0,0.0,0.0
41.419,3261.0,0.02,0.3980712890625,,,208929.0,6974.0,0.033379760588525285,0.851318359375,2.0,0.0,208929.0,0.0,0.0,0.0
41.968,3261.0,0.02,0.3980712890625,,,208929.0,6974.0,0.033379760588525285,0.851318359375,2.0,0.0,208929.0,0.0,0.0,0.0
42.516,3261.0,0.02,0.3980712890625,,,208929.0,6974.0,0.033379760588525285,0.851318359375,2.0,0.0,208929.0,0.0,0.0,0.0
43.042,3261.0,0.02,0.3980712890625,,,208929.0,4044.0,0.019355857731573885,0.49365234375,1.0,0.0,208929.0,0.0,0.0,0.0
43.597,3261.0,0.02,0.3980712890625,,,208929.0,4044.0,0.019355857731573885,0.49365234375,1.0,0.0,208929.0,0.0,0.0,0.0
44.163,3261.0,0.02,0.3980712890625,,,208929.0,4084.0,0.019547310330303595,0.49853515625,1.0,0.0,208929.0,0.0,0.0,0.0
44.73,3261.0,0.02,0.3980712890625,,,208929.0,4124.0,0.01973876292903331,0.50341796875,1.0,0.0,208929.0,0.0,0.0,0.0
45.297,3261.0,0.02,0.3980712890625,,,208929.0,4124.0,0.01973876292903331,0.50341796875,1.0,0.0,208929.0,0.0,0.0,0.0
45.864,3261.0,0.02,0.3980712890625,,,208929.0,0.0,0.0,0.0,1.0,0.0,208929.0,0.0,0.0,0.0
46.412,3261.0,0.02,0.3980712890625,,,208929.0,0.0,0.0,0.0,1.0,0.0,208929.0,0.0,0.0,0.0
46.961,3261.0,0.02,0.3980712890625,,,208929.0,0.0,0.0,0.0,1.0,0.0,208929.0,0.0,0.0,0.0
47.533,3261.0,0.02,0.3980712890625,,,208929.0,0.0,0.0,0.0,1.0,0.0,208929.0,0.0,0.0,0.0
48.104,3261.0,0.02,0.3980712890625,,,208929.0,0.0,0.0,0.0,1.0,0.0,208929.0,0.0,0.0,0.0
48.638,3261.0,0.02,0.3980712890625,,,208929.0,12703.0,0.06080055904158829,1.5506591796875,2.0,0.0,208929.0,1.0,0.0,0.0
49.194,3261.0,0.02,0.3980712890625,,,208929.0,12703.0,0.06080055904158829,1.5506591796875,2.0,0.0,208929.0,1.0,0.0,0.0
49.773,3261.0,0.02,0.3980712890625,,,208929.0,21369.0,0.1022787645563804,2.6085205078125,4.0,0.0,208929.0,1.0,0.0,0.0
50.327,3261.0,0.02,0.3980712890625,,,208929.0,25874.0,0.12384111348831421,3.158447265625,5.0,0.0,208929.0,1.0,0.0,0.0
50.961,3261.0,0.02,0.3980712890625,,,208929.0,25874.0,0.12384111348831421,3.158447265625,5.0,0.0,208929.0,1.0,0.0,0.0
51.539,3261.0,0.02,0.3980712890625,,,208929.0,30440.0,0.14569542763331084,3.7158203125,7.0,0.0,208929.0,0.0,0.0,0.0
52.099,3261.0,0.02,0.3980712890625,,,208929.0,30440.0,0.14569542763331084,3.7158203125,7.0,0.0,208929.0,0.0,0.0,0.0
52.654,3261.0,0.02,0.3980712890625,,,208929.0,30440.0,0.14569542763331084,3.7158203125,7.0,0.0,208929.0,0.0,0.0,0.0
53.21,3261.0,0.02,0.3980712890625,,,208929.0,30720.0,0.14703559582441883,3.75,7.0,0.0,208929.0,0.0,0.0,0.0
53.781,3261.0,0.02,0.3980712890625,,,208929.0,30720.0,0.14703559582441883,3.75,7.0,0.0,208929.0,0.0,0.0,0.0
54.334,3261.0,0.02,0.3980712890625,,,208929.0,22156.0,0.10604559443638747,2.70458984375,5.0,0.0,208929.0,0.0,0.0,0.0
54.885,3261.0,0.02,0.3980712890625,,,208929.0,17865.0,0.08550751690765762,2.1807861328125,4.0,0.0,208929.0,0.0,0.0,0.0
55.447,3261.0,0.02,0.3980712890625,,,208929.0,17865.0,0.08550751690765762,2.1807861328125,4.0,0.0,208929.0,0.0,0.0,0.0
56.009,3261.0,0.02,0.3980712890625,,,208929.0,23000.0,0.11008524426958441,2.8076171875,4.0,0.0,208929.0,1.0,0.0,0.0
56.561,3261.0,0.02,0.3980712890625,,,208929.0,23000.0,0.11008524426958441,2.8076171875,4.0,0.0,208929.0,1.0,0.0,0.0
57.117,3261.0,0.02,0.3980712890625,,,208929.0,14086.0,0.06742003264266809,1.719482421875,3.0,0.0,208929.0,0.0,0.0,0.0
57.69,3261.0,0.02,0.3980712890625,,,208929.0,14086.0,0.06742003264266809,1.719482421875,3.0,0.0,208929.0,0.0,0.0,0.0
58.264,3261.0,0.02,0.3980712890625,,,208929.0,9623.0,0.046058708939400464,1.1746826171875,2.0,0.0,208929.0,0.0,0.0,0.0
58.818,3261.0,0.02,0.3980712890625,,,208929.0,9623.0,0.046058708939400464,1.1746826171875,2.0,0.0,208929.0,0.0,0.0,0.0
59.389,3261.0,0.02,0.3980712890625,,,208929.0,5086.0,0.02434319792848288,0.620849609375,1.0,0.0,208929.0,0.0,0.0,0.0
59.96,3261.0,0.02,0.3980712890625,,,208929.0,5086.0,0.02434319792848288,0.620849609375,1.0,0.0,208929.0,0.0,0.0,0.0
60.509,3261.0,0.02,0.3980712890625,,,208929.0,5086.0,0.02434319792848288,0.620849609375,1.0,0.0,208929.0,0.0,0.0,0.0
61.057,3261.0,0.02,0.3980712890625,,,208929.0,5086.0,0.02434319792848288,0.620849609375,1.0,0.0,208929.0,0.0,0.0,0.0
61.606,3261.0,0.02,0.3980712890625,,,208929.0,5086.0,0.02434319792848288,0.620849609375,1.0,0.0,208929.0,0.0,0.0,0.0
62.167,3261.0,0.02,0.3980712890625,,,208929.0,5086.0,0.02434319792848288,0.620849609375,1.0,0.0,208929.0,0.0,0.0,0.0
62.716,3261.0,0.02,0.3980712890625,,,208929.0,5086.0,0.02434319792848288,0.620849609375,1.0,0.0,208929.0,0.0,0.0,0.0
63.254,3261.0,0.02,0.3980712890625,,,208929.0,5086.0,0.02434319792848288,0.620849609375,1.0,0.0,208929.0,0.0,0.0,0.0
63.801,3261.0,0.02,0.3980712890625,,,208929.0,10417.0,0.04985904302418525,1.2716064453125,1.0,0.0,208929.0,1.0,0.0,0.0
64.345,3261.0,0.02,0.3980712890625,,,208929.0,10417.0,0.04985904302418525,1.2716064453125,1.0,0.0,208929.0,1.0,0.0,0.0
64.997,3261.0,0.02,0.3980712890625,,,208929.0,15770.0,0.07548018704918896,1.925048828125,2.0,0.0,208929.0,1.0,0.0,0.0
65.549,3261.0,0.02,0.3980712890625,,,208929.0,15770.0,0.07548018704918896,1.925048828125,2.0,0.0,208929.0,1.0,0.0,0.0
66.103,3261.0,0.02,0.3980712890625,,,208929.0,15884.0,0.07602582695556864,1.93896484375,3.0,0.0,208929.0,0.0,0.0,0.0
66.682,3261.0,0.02,0.3980712890625,,,208929.0,15884.0,0.07602582695556864,1.93896484375,3.0,0.0,208929.0,0.0,0.0,0.0
67.227,3261.0,0.02,0.3980712890625,,,208929.0,26660.0,0.12760315705335307,3.25439453125,3.0,0.0,208929.0,2.0,0.0,0.0
67.777,3261.0,0.02,0.3980712890625,,,208929.0,26660.0,0.12760315705335307,3.25439453125,3.0,0.0,208929.0,2.0,0.0,0.0
68.354,3261.0,0.02,0.3980712890625,,,208929.0,32224.0,0.154234213536656,3.93359375,5.0,0.0,208929.0,1.0,0.0,0.0
69.036,3261.0,0.02,0.3980712890625,,,208929.0,32224.0,0.154234213536656,3.93359375,5.0,0.0,208929.0,1.0,0.0,0.0
69.587,3261.0,0.02,0.3980712890625,,,208929.0,37855.0,0.1811859531228312,4.6209716796875,7.0,0.0,208929.0,0.0,0.0,0.0
70.165,3261.0,0.02,0.3980712890625,,,208929.0,37855.0,0.1811859531228312,4.6209716796875,7.0,0.0,208929.0,0.0,0.0,0.0
70.717,3261.0,0.02,0.3980712890625,,,208929.0,38601.0,0.18475654408914033,4.7120361328125,6.0,0.0,208929.0,1.0,0.0,0.0
71.278,5926.0,0.03,0.723388671875,,,208929.0,38601.0,0.18475654408914033,4.7120361328125,6.0,0.0,208929.0,1.0,0.0,0.0
71.852,5926.0,0.03,0.723388671875,,,208929.0,33409.0,0.1599059967740237,4.0782470703125,6.0,0.0,208929.0,0.0,0.0,0.0
72.417,5926.0,0.03,0.723388671875,,,208929.0,33409.0,0.1599059967740237,4.0782470703125,6.0,0.0,208929.0,0.0,0.0,0.0
72.975,5926.0,0.03,0.723388671875,,,208929.0,28096.0,0.1344763053477497,3.4296875,5.0,0.0,208929.0,0.0,0.0,0.0
73.551,5926.0,0.03,0.723388671875,,,208929.0,28096.0,0.1344763053477497,3.4296875,5.0,0.0,208929.0,0.0,0.0,0.0
74.127,5926.0,0.03,0.723388671875,,,208929.0,28296.0,0.13543356834139827,3.4541015625,5.0,0.0,208929.0,0.0,0.0,0.0
74.704,5926.0,0.03,0.723388671875,,,208929.0,28296.0,0.13543356834139827,3.4541015625,5.0,0.0,208929.0,0.0,0.0,0.0
75.267,5926.0,0.03,0.723388671875,,,208929.0,17299.0,0.0827984626356322,2.1116943359375,3.0,0.0,208929.0,0.0,0.0,0.0
75.83,5926.0,0.03,0.723388671875,,,208929.0,17299.0,0.0827984626356322,2.1116943359375,3.0,0.0,208929.0,0.0,0.0,0.0
76.388,5926.0,0.03,0.723388671875,,,208929.0,5646.0,0.02702353431069885,0.689208984375,1.0,0.0,208929.0,0.0,0.0,0.0
76.937,5926.0,0.03,0.723388671875,,,208929.0,5646.0,0.02702353431069885,0.689208984375,1.0,0.0,208929.0,0.0,0.0,0.0
77.486,5926.0,0.03,0.723388671875,,,208929.0,5646.0,0.02702353431069885,0.689208984375,1.0,0.0,208929.0,0.0,0.0,0.0
78.035,5926.0,0.03,0.723388671875,,,208929.0,5646.0,0.02702353431069885,0.689208984375,1.0,0.0,208929.0,0.0,0.0,0.0
78.583,5926.0,0.03,0.723388671875,,,208929.0,5646.0,0.02702353431069885,0.689208984375,1.0,0.0,208929.0,0.0,0.0,0.0
79.132,5926.0,0.03,0.723388671875,,,208929.0,5646.0,0.02702353431069885,0.689208984375,1.0,0.0,208929.0,0.0,0.0,0.0
79.681,5926.0,0.03,0.723388671875,,,208929.0,5646.0,0.02702353431069885,0.689208984375,1.0,0.0,208929.0,0.0,0.0,0.0
80.237,5926.0,0.03,0.723388671875,,,208929.0,5646.0,0.02702353431069885,0.689208984375,1.0,0.0,208929.0,0.0,0.0,0.0
80.789,5926.0,0.03,0.723388671875,,,208929.0,5646.0,0.02702353431069885,0.689208984375,1.0,0.0,208929.0,0.0,0.0,0.0
81.331,5926.0,0.03,0.723388671875,,,208929.0,6275.0,0.030034126425723572,0.7659912109375,1.0,0.0,208929.0,0.0,0.0,0.0
81.864,5926.0,0.03,0.723388671875,,,208929.0,12587.0,0.06024534650527213,1.5364990234375,2.0,0.0,208929.0,0.0,0.0,0.0
82.416,5926.0,0.03,0.723388671875,,,208929.0,12587.0,0.06024534650527213,1.5364990234375,2.0,0.0,208929.0,0.0,0.0,0.0
82.975,5926.0,0.03,0.723388671875,,,208929.0,19015.0,0.09101177912113685,2.3211669921875,2.0,0.0,208929.0,1.0,0.0,0.0
83.53,5926.0,0.03,0.723388671875,,,208929.0,19015.0,0.09101177912113685,2.3211669921875,2.0,0.0,208929.0,1.0,0.0,0.0
84.096,5926.0,0.03,0.723388671875,,,208929.0,19135.0,0.09158613691732598,2.3358154296875,3.0,0.0,208929.0,0.0,0.0,0.0
84.662,5926.0,0.03,0.723388671875,,,208929.0,19135.0,0.09158613691732598,2.3358154296875,3.0,0.0,208929.0,0.0,0.0,0.0
85.22,5926.0,0.03,0.723388671875,,,208929.0,32049.0,0.1533966084172135,3.9122314453125,3.0,0.0,208929.0,2.0,0.0,0.0
85.766,5926.0,0.03,0.723388671875,,,208929.0,32049.0,0.1533966084172135,3.9122314453125,3.0,0.0,208929.0,2.0,0.0,0.0
86.344,5926.0,0.03,0.723388671875,,,208929.0,45610.0,0.21830382570155413,5.567626953125,5.0,0.0,208929.0,2.0,0.0,0.0
87.022,5926.0,0.03,0.723388671875,,,208929.0,45610.0,0.21830382570155413,5.567626953125,5.0,0.0,208929.0,2.0,0.0,0.0
87.572,5926.0,0.03,0.723388671875,,,208929.0,45798.0,0.21920365291558377,5.590576171875,6.0,0.0,208929.0,1.0,0.0,0.0
88.123,5926.0,0.03,0.723388671875,,,208929.0,45798.0,0.21920365291558377,5.590576171875,6.0,0.0,208929.0,1.0,0.0,0.0
88.689,5926.0,0.03,0.723388671875,,,208929.0,39559.0,0.18934183382871694,4.8289794921875,6.0,0.0,208929.0,0.0,0.0,0.0
89.235,5926.0,0.03,0.723388671875,,,208929.0,39559.0,0.18934183382871694,4.8289794921875,6.0,0.0,208929.0,0.0,0.0,0.0
89.8,5926.0,0.03,0.723388671875,,,208929.0,39559.0,0.18934183382871694,4.8289794921875,6.0,0.0,208929.0,0.0,0.0,0.0
90.358,5926.0,0.03,0.723388671875,,,208929.0,39799.0,0.1904905494210952,4.8582763671875,6.0,0.0,208929.0,0.0,0.0,0.0
90.915,5926.0,0.03,0.723388671875,,,208929.0,39799.0,0.1904905494210952,4.8582763671875,6.0,0.0,208929.0,0.0,0.0,0.0
91.482,5926.0,0.03,0.723388671875,,,208929.0,33411.0,0.1599155694039602,4.0784912109375,5.0,0.0,208929.0,0.0,0.0,0.0
92.048,5926.0,0.03,0.723388671875,,,208929.0,33411.0,0.1599155694039602,4.0784912109375,5.0,0.0,208929.0,0.0,0.0,0.0
92.614,5926.0,0.03,0.723388671875,,,208929.0,33611.0,0.16087283239760874,4.1029052734375,5.0,0.0,208929.0,0.0,0.0,0.0
93.18,5926.0,0.03,0.723388671875,,,208929.0,33611.0,0.16087283239760874,4.1029052734375,5.0,0.0,208929.0,0.0,0.0,0.0
93.734,5926.0,0.03,0.723388671875,,,208929.0,20482.0,0.09803330317954903,2.500244140625,3.0,0.0,208929.0,0.0,0.0,0.0
94.309,5926.0,0.03,0.723388671875,,,208929.0,20482.0,0.09803330317954903,2.500244140625,3.0,0.0,208929.0,0.0,0.0,0.0
94.872,5926.0,0.03,0.723388671875,,,208929.0,6701.0,0.032073096602195005,0.8179931640625,1.0,0.0,208929.0,0.0,0.0,0.0
95.425,5926.0,0.03,0.723388671875,,,208929.0,6701.0,0.032073096602195005,0.8179931640625,1.0,0.0,208929.0,0.0,0.0,0.0
95.974,5926.0,0.03,0.723388671875,,,208929.0,6701.0,0.032073096602195005,0.8179931640625,1.0,0.0,208929.0,0.0,0.0,0.0
96.504,5926.0,0.03,0.723388671875,,,208929.0,6701.0,0.032073096602195005,0.8179931640625,1.0,0.0,208929.0,0.0,0.0,0.0
97.053,5926.0,0.03,0.723388671875,,,208929.0,6701.0,0.032073096602195005,0.8179931640625,1.0,0.0,208929.0,0.0,0.0,0.0
97.75,5926.0,0.03,0.723388671875,,,208929.0,6701.0,0.032073096602195005,0.8179931640625,1.0,0.0,208929.0,0.0,0.0,0.0
98.299,5926.0,0.03,0.723388671875,,,208929.0,14615.0,0.06995199326086853,1.7840576171875,1.0,0.0,208929.0,1.0,0.0,0.0
98.849,5926.0,0.03,0.723388671875,,,208929.0,14615.0,0.06995199326086853,1.7840576171875,1.0,0.0,208929.0,1.0,0.0,0.0
99.402,5926.0,0.03,0.723388671875,,,208929.0,14689.0,0.07030618056851849,1.7930908203125,2.0,0.0,208929.0,0.0,0.0,0.0
99.952,5926.0,0.03,0.723388671875,,,208929.0,14689.0,0.07030618056851849,1.7930908203125,2.0,0.0,208929.0,0.0,0.0,0.0
100.522,5926.0,0.03,0.723388671875,,,208929.0,14769.0,0.07068908576597792,1.8028564453125,2.0,0.0,208929.0,0.0,0.0,0.0
101.194,7417.0,0.04,0.9053955078125,,,208929.0,14769.0,0.07068908576597792,1.8028564453125,2.0,0.0,208929.0,0.0,0.0,0.0
101.723,7417.0,0.04,0.9053955078125,,,208929.0,22270.0,0.10659123434276715,2.718505859375,3.0,0.0,208929.0,0.0,0.0,0.0
102.283,7417.0,0.04,0.9053955078125,,,208929.0,22270.0,0.10659123434276715,2.718505859375,3.0,0.0,208929.0,0.0,0.0,0.0
102.834,7417.0,0.04,0.9053955078125,,,208929.0,22390.0,0.1071655921389563,2.733154296875,3.0,0.0,208929.0,0.0,0.0,0.0
103.386,7417.0,0.04,0.9053955078125,,,208929.0,22390.0,0.1071655921389563,2.733154296875,3.0,0.0,208929.0,0.0,0.0,0.0
103.929,7417.0,0.04,0.9053955078125,,,208929.0,37442.0,0.17920920504094692,4.570556640625,3.0,0.0,208929.0,2.0,0.0,0.0
104.466,7417.0,0.04,0.9053955078125,,,208929.0,37442.0,0.17920920504094692,4.570556640625,3.0,0.0,208929.0,2.0,0.0,0.0
105.031,7417.0,0.04,0.9053955078125,,,208929.0,45520.0,0.21787305735441226,5.556640625,5.0,0.0,208929.0,2.0,0.0,0.0
105.581,7417.0,0.04,0.9053955078125,,,208929.0,45520.0,0.21787305735441226,5.556640625,5.0,0.0,208929.0,2.0,0.0,0.0
106.112,7417.0,0.04,0.9053955078125,,,208929.0,45703.0,0.2187489529936007,5.5789794921875,5.0,0.0,208929.0,1.0,0.0,0.0
106.671,7417.0,0.04,0.9053955078125,,,208929.0,45703.0,0.2187489529936007,5.5789794921875,5.0,0.0,208929.0,1.0,0.0,0.0
107.224,7417.0,0.04,0.9053955078125,,,208929.0,45936.0,0.21986416438120127,5.607421875,6.0,0.0,208929.0,0.0,0.0,0.0
107.801,7417.0,0.04,0.9053955078125,,,208929.0,45936.0,0.21986416438120127,5.607421875,6.0,0.0,208929.0,0.0,0.0,0.0
108.38,7417.0,0.04,0.9053955078125,,,208929.0,45936.0,0.21986416438120127,5.607421875,6.0,0.0,208929.0,0.0,0.0,0.0
108.957,7417.0,0.04,0.9053955078125,,,208929.0,46176.0,0.22101287997357955,5.63671875,6.0,0.0,208929.0,0.0,0.0,0.0
109.53,7417.0,0.04,0.9053955078125,,,208929.0,46176.0,0.22101287997357955,5.63671875,6.0,0.0,208929.0,0.0,0.0,0.0
110.083,7417.0,0.04,0.9053955078125,,,208929.0,38715.0,0.18530218399552,4.7259521484375,5.0,0.0,208929.0,0.0,0.0,0.0
110.637,7417.0,0.04,0.9053955078125,,,208929.0,38715.0,0.18530218399552,4.7259521484375,5.0,0.0,208929.0,0.0,0.0,0.0
111.189,7417.0,0.04,0.9053955078125,,,208929.0,38915.0,0.18625944698916858,4.7503662109375,5.0,0.0,208929.0,0.0,0.0,0.0
111.746,7417.0,0.04,0.9053955078125,,,208929.0,38915.0,0.18625944698916858,4.7503662109375,5.0,0.0,208929.0,0.0,0.0,0.0
112.298,7417.0,0.04,0.9053955078125,,,208929.0,23210.0,0.11109037041291539,2.833251953125,3.0,0.0,208929.0,0.0,0.0,0.0
112.859,7417.0,0.04,0.9053955078125,,,208929.0,23210.0,0.11109037041291539,2.833251953125,3.0,0.0,208929.0,0.0,0.0,0.0
113.411,7417.0,0.04,0.9053955078125,,,208929.0,15543.0,0.07439369355139784,1.8973388671875,2.0,0.0,208929.0,0.0,0.0,0.0
113.979,7417.0,0.04,0.9053955078125,,,208929.0,15543.0,0.07439369355139784,1.8973388671875,2.0,0.0,208929.0,0.0,0.0,0.0
114.528,7417.0,0.04,0.9053955078125,,,208929.0,15543.0,0.07439369355139784,1.8973388671875,2.0,0.0,208929.0,0.0,0.0,0.0
115.076,7417.0,0.04,0.9053955078125,,,208929.0,15543.0,0.07439369355139784,1.8973388671875,2.0,0.0,208929.0,0.0,0.0,0.0
115.604,7417.0,0.04,0.9053955078125,,,208929.0,15543.0,0.07439369355139784,1.8973388671875,2.0,0.0,208929.0,0.0,0.0,0.0
116.152,7417.0,0.04,0.9053955078125,,,208929.0,16746.0,0.08015163045819393,2.044189453125,1.0,0.0,208929.0,1.0,0.0,0.0
116.694,7417.0,0.04,0.9053955078125,,,208929.0,16746.0,0.08015163045819393,2.044189453125,1.0,0.0,208929.0,1.0,0.0,0.0
117.251,7417.0,0.04,0.9053955078125,,,208929.0,16816.0,0.08048667250597093,2.052734375,2.0,0.0,208929.0,0.0,0.0,0.0
117.814,7417.0,0.04,0.9053955078125,,,208929.0,16816.0,0.08048667250597093,2.052734375,2.0,0.0,208929.0,0.0,0.0,0.0
118.372,7417.0,0.04,0.9053955078125,,,208929.0,16896.0,0.08086957770343035,2.0625,2.0,0.0,208929.0,0.0,0.0,0.0
118.929,7417.0,0.04,0.9053955078125,,,208929.0,16896.0,0.08086957770343035,2.0625,2.0,0.0,208929.0,0.0,0.0,0.0
119.513,7417.0,0.04,0.9053955078125,,,208929.0,25462.0,0.12186915172139817,3.108154296875,2.0,0.0,208929.0,1.0,0.0,0.0
120.061,7417.0,0.04,0.9053955078125,,,208929.0,25462.0,0.12186915172139817,3.108154296875,2.0,0.0,208929.0,1.0,0.0,0.0
120.626,7417.0,0.04,0.9053955078125,,,208929.0,25560.0,0.12233821058828598,3.1201171875,3.0,0.0,208929.0,0.0,0.0,0.0
121.19,7417.0,0.04,0.9053955078125,,,208929.0,25560.0,0.12233821058828598,3.1201171875,3.0,0.0,208929.0,0.0,0.0,0.0
121.715,7417.0,0.04,0.9053955078125,,,208929.0,25680.0,0.1229125683844751,3.134765625,3.0,0.0,208929.0,0.0,0.0,0.0
122.28,7417.0,0.04,0.9053955078125,,,208929.0,25680.0,0.1229125683844751,3.134765625,3.0,0.0,208929.0,0.0,0.0,0.0
122.819,7417.0,0.04,0.9053955078125,,,208929.0,34231.0,0.1638403476779193,4.1785888671875,3.0,0.0,208929.0,2.0,0.0,0.0
123.351,7417.0,0.04,0.9053955078125,,,208929.0,34231.0,0.1638403476779193,4.1785888671875,3.0,0.0,208929.0,2.0,0.0,0.0
123.909,7417.0,0.04,0.9053955078125,,,208929.0,34334.0,0.16433333811964831,4.191162109375,3.0,0.0,208929.0,1.0,0.0,0.0
124.534,7417.0,0.04,0.9053955078125,,,208929.0,34334.0,0.16433333811964831,4.191162109375,3.0,0.0,208929.0,1.0,0.0,0.0
125.06,7417.0,0.04,0.9053955078125,,,208929.0,43078.0,0.20618487620196335,5.258544921875,4.0,0.0,208929.0,1.0,0.0,0.0
125.612,7417.0,0.04,0.9053955078125,,,208929.0,43078.0,0.20618487620196335,5.258544921875,4.0,0.0,208929.0,1.0,0.0,0.0
126.149,7417.0,0.04,0.9053955078125,,,208929.0,43276.0,0.2071325665656754,5.28271484375,5.0,0.0,208929.0,0.0,0.0,0.0
126.687,7417.0,0.04,0.9053955078125,,,208929.0,43276.0,0.2071325665656754,5.28271484375,5.0,0.0,208929.0,0.0,0.0,0.0
127.224,7417.0,0.04,0.9053955078125,,,208929.0,43276.0,0.2071325665656754,5.28271484375,5.0,0.0,208929.0,0.0,0.0,0.0
127.764,7417.0,0.04,0.9053955078125,,,208929.0,34732.0,0.16623829147700894,4.23974609375,4.0,0.0,208929.0,0.0,0.0,0.0
128.303,7417.0,0.04,0.9053955078125,,,208929.0,34732.0,0.16623829147700894,4.23974609375,4.0,0.0,208929.0,0.0,0.0,0.0
128.846,7417.0,0.04,0.9053955078125,,,208929.0,34892.0,0.1670041018719278,4.25927734375,4.0,0.0,208929.0,0.0,0.0,0.0
129.422,7417.0,0.04,0.9053955078125,,,208929.0,34892.0,0.1670041018719278,4.25927734375,4.0,0.0,208929.0,0.0,0.0,0.0
129.99,7417.0,0.04,0.9053955078125,,,208929.0,35052.0,0.16776991226684662,4.27880859375,4.0,0.0,208929.0,0.0,0.0,0.0
130.559,7417.0,0.04,0.9053955078125,,,208929.0,35052.0,0.16776991226684662,4.27880859375,4.0,0.0,208929.0,0.0,0.0,0.0
131.114,7417.0,0.04,0.9053955078125,,,208929.0,26429.0,0.12649751829568898,3.2261962890625,3.0,0.0,208929.0,0.0,0.0,0.0
131.669,8606.0,0.04,1.050537109375,,,208929.0,26429.0,0.12649751829568898,3.2261962890625,3.0,0.0,208929.0,0.0,0.0,0.0
132.229,8606.0,0.04,1.050537109375,,,208929.0,8844.0,0.04233016957913933,1.07958984375,1.0,0.0,208929.0,0.0,0.0,0.0
132.785,8606.0,0.04,1.050537109375,,,208929.0,8844.0,0.04233016957913933,1.07958984375,1.0,0.0,208929.0,0.0,0.0,0.0
133.333,8606.0,0.04,1.050537109375,,,208929.0,8844.0,0.04233016957913933,1.07958984375,1.0,0.0,208929.0,0.0,0.0,0.0
133.882,8606.0,0.04,1.050537109375,,,208929.0,8844.0,0.04233016957913933,1.07958984375,1.0,0.0,208929.0,0.0,0.0,0.0
134.43,8606.0,0.04,1.050537109375,,,208929.0,8844.0,0.04233016957913933,1.07958984375,1.0,0.0,208929.0,0.0,0.0,0.0
134.979,8606.0,0.04,1.050537109375,,,208929.0,8844.0,0.04233016957913933,1.07958984375,1.0,0.0,208929.0,0.0,0.0,0.0
135.527,8606.0,0.04,1.050537109375,,,208929.0,8844.0,0.04233016957913933,1.07958984375,1.0,0.0,208929.0,0.0,0.0,0.0
136.075,8606.0,0.04,1.050537109375,,,208929.0,8844.0,0.04233016957913933,1.07958984375,1.0,0.0,208929.0,0.0,0.0,0.0
136.624,8606.0,0.04,1.050537109375,,,208929.0,8844.0,0.04233016957913933,1.07958984375,1.0,0.0,208929.0,0.0,0.0,0.0
137.172,8606.0,0.04,1.050537109375,,,208929.0,8844.0,0.04233016957913933,1.07958984375,1.0,0.0,208929.0,0.0,0.0,0.0
137.695,8606.0,0.04,1.050537109375,,,208929.0,8844.0,0.04233016957913933,1.07958984375,1.0,0.0,208929.0,0.0,0.0,0.0
138.217,8606.0,0.04,1.050537109375,,,208929.0,8844.0,0.04233016957913933,1.07958984375,1.0,0.0,208929.0,0.0,0.0,0.0
138.74,8606.0,0.04,1.050537109375,,,208929.0,8844.0,0.04233016957913933,1.07958984375,1.0,0.0,208929.0,0.0,0.0,0.0
139.263,8606.0,0.04,1.050537109375,,,208929.0,8844.0,0.04233016957913933,1.07958984375,1.0,0.0,208929.0,0.0,0.0,0.0
139.786,8606.0,0.04,1.050537109375,,,208929.0,8844.0,0.04233016957913933,1.07958984375,1.0,0.0,208929.0,0.0,0.0,0.0
140.308,8606.0,0.04,1.050537109375,,,208929.0,8844.0,0.04233016957913933,1.07958984375,1.0,0.0,208929.0,0.0,0.0,0.0
140.831,8606.0,0.04,1.050537109375,,,208929.0,8844.0,0.04233016957913933,1.07958984375,1.0,0.0,208929.0,0.0,0.0,0.0
141.355,8606.0,0.04,1.050537109375,,,208929.0,8844.0,0.04233016957913933,1.07958984375,1.0,0.0,208929.0,0.0,0.0,0.0
141.877,8606.0,0.04,1.050537109375,,,208929.0,8844.0,0.04233016957913933,1.07958984375,1.0,0.0,208929.0,0.0,0.0,0.0
142.4,8606.0,0.04,1.050537109375,,,208929.0,8844.0,0.04233016957913933,1.07958984375,1.0,0.0,208929.0,0.0,0.0,0.0
142.923,8606.0,0.04,1.050537109375,,,208929.0,8844.0,0.04233016957913933,1.07958984375,1.0,0.0,208929.0,0.0,0.0,0.0
143.446,8606.0,0.04,1.050537109375,,,208929.0,8844.0,0.04233016957913933,1.07958984375,1.0,0.0,208929.0,0.0,0.0,0.0
143.969,8606.0,0.04,1.050537109375,,,208929.0,8844.0,0.04233016957913933,1.07958984375,1.0,0.0,208929.0,0.0,0.0,0.0
144.492,8606.0,0.04,1.050537109375,,,208929.0,8844.0,0.04233016957913933,1.07958984375,1.0,0.0,208929.0,0.0,0.0,0.0
145.015,8606.0,0.04,1.050537109375,,,208929.0,8844.0,0.04233016957913933,1.07958984375,1.0,0.0,208929.0,0.0,0.0,0.0
